-- Relay seed — generated from data.js. Run after 01_schema.sql + 02_rls.sql.
-- Order respects FKs (employees + weekly_summaries first).
set session_replication_role = replica; -- defer FK checks during load

insert into employees (id, email, name, initials, manager_id, dept, sub, role_level, title, is_cross_dept, data) values
  ('NW0001240', 'tejaswini.venkata@nxtwave.co.in', 'Tejaswini Venkata', 'TV', 'NW0002526', 'd-aptenglish', 'Content — English', 'L2', 'L2 · Content — English', false, $relay${"id":"NW0001240","name":"Tejaswini Venkata","initials":"TV","role":"L2","level":"L2","dept":"d-aptenglish","sub":"Content — English","title":"L2 · Content — English","managerId":"NW0002526"}$relay$::jsonb),
  ('NW0002849', 'poojitha.pachava@nxtwave.co.in', 'Poojitha pachava', 'PP', 'NW0002526', 'd-aptenglish', 'Content — Aptitude', 'L2', 'L2 · Content — Aptitude', false, $relay${"id":"NW0002849","name":"Poojitha pachava","initials":"PP","role":"L2","level":"L2","dept":"d-aptenglish","sub":"Content — Aptitude","title":"L2 · Content — Aptitude","managerId":"NW0002526"}$relay$::jsonb),
  ('NW0003323', 'sai.pasupuleti@nxtwave.co.in', 'Sai Krishna Chakradhar Pasupuleti', 'SP', 'NW0002849', 'd-aptenglish', 'Content — Aptitude', 'L1', 'L1 · Content — Aptitude', false, $relay${"id":"NW0003323","name":"Sai Krishna Chakradhar Pasupuleti","initials":"SP","role":"L1","level":"L1","dept":"d-aptenglish","sub":"Content — Aptitude","title":"L1 · Content — Aptitude","managerId":"NW0002849"}$relay$::jsonb),
  ('NW0003881', 'renna.fathima@nxtwave.co.in', 'Renna Fathima', 'RF', 'NW0001240', 'd-aptenglish', 'Content — English', 'L1', 'L1 · Content — English', false, $relay${"id":"NW0003881","name":"Renna Fathima","initials":"RF","role":"L1","level":"L1","dept":"d-aptenglish","sub":"Content — English","title":"L1 · Content — English","managerId":"NW0001240"}$relay$::jsonb),
  ('NW0004107', 'sannamuri.poojitha@nxtwave.co.in', 'Sannamuri Sri Naga Poojitha', 'SP', 'NW0001240', 'd-aptenglish', 'Content — English', 'L1', 'L1 · Content — English', false, $relay${"id":"NW0004107","name":"Sannamuri Sri Naga Poojitha","initials":"SP","role":"L1","level":"L1","dept":"d-aptenglish","sub":"Content — English","title":"L1 · Content — English","managerId":"NW0001240"}$relay$::jsonb),
  ('NW0004629', 'paturi.vivek@nxtwave.co.in', 'Paturi Vivek', 'PV', 'NW0002849', 'd-aptenglish', 'Content — Aptitude', 'L1', 'L1 · Content — Aptitude', false, $relay${"id":"NW0004629","name":"Paturi Vivek","initials":"PV","role":"L1","level":"L1","dept":"d-aptenglish","sub":"Content — Aptitude","title":"L1 · Content — Aptitude","managerId":"NW0002849"}$relay$::jsonb),
  ('NW0004661', 'vivek.vijayan@nxtwave.co.in', 'Vivek Vijayan', 'VV', 'NW0001240', 'd-aptenglish', 'Assessment Intelligence', 'L1', 'L1 · Assessment Intelligence', false, $relay${"id":"NW0004661","name":"Vivek Vijayan","initials":"VV","role":"L1","level":"L1","dept":"d-aptenglish","sub":"Assessment Intelligence","title":"L1 · Assessment Intelligence","managerId":"NW0001240"}$relay$::jsonb),
  ('NW0004785', 'manish.boosa@nxtwave.co.in', 'Manish Boosa', 'MB', 'NW0002849', 'd-aptenglish', 'Content — Aptitude', 'L1', 'L1 · Content — Aptitude', false, $relay${"id":"NW0004785","name":"Manish Boosa","initials":"MB","role":"L1","level":"L1","dept":"d-aptenglish","sub":"Content — Aptitude","title":"L1 · Content — Aptitude","managerId":"NW0002849"}$relay$::jsonb),
  ('NW0004831', 'jithendra.bonam@nxtwave.co.in', 'Jithendra Venkata Sai Bonam', 'JB', 'NW0001240', 'd-aptenglish', 'Assessment Intelligence', 'L1', 'L1 · Assessment Intelligence', false, $relay${"id":"NW0004831","name":"Jithendra Venkata Sai Bonam","initials":"JB","role":"L1","level":"L1","dept":"d-aptenglish","sub":"Assessment Intelligence","title":"L1 · Assessment Intelligence","managerId":"NW0001240"}$relay$::jsonb),
  ('NW0004881', 'mariyam.khan@nxtwave.co.in', 'Mariyam Khan', 'MK', 'NW0001240', 'd-aptenglish', 'Content — English', 'L1', 'L1 · Content — English', false, $relay${"id":"NW0004881","name":"Mariyam Khan","initials":"MK","role":"L1","level":"L1","dept":"d-aptenglish","sub":"Content — English","title":"L1 · Content — English","managerId":"NW0001240"}$relay$::jsonb),
  ('NW0004998', 'pinisetti.srinivas@nxtwave.co.in', 'Pinisetti Srinivas', 'PS', 'NW0002849', 'd-aptenglish', 'Content — Aptitude', 'L1', 'L1 · Content — Aptitude', false, $relay${"id":"NW0004998","name":"Pinisetti Srinivas","initials":"PS","role":"L1","level":"L1","dept":"d-aptenglish","sub":"Content — Aptitude","title":"L1 · Content — Aptitude","managerId":"NW0002849"}$relay$::jsonb),
  ('NW0005042', 'thadigiri.deep@nxtwave.co.in', 'Thadigiri Prem Deep', 'TD', 'NW0001240', 'd-aptenglish', 'Content — English', 'L1', 'L1 · Content — English', false, $relay${"id":"NW0005042","name":"Thadigiri Prem Deep","initials":"TD","role":"L1","level":"L1","dept":"d-aptenglish","sub":"Content — English","title":"L1 · Content — English","managerId":"NW0001240"}$relay$::jsonb),
  ('NW0005117', 'viswanadh.pinisetti@nxtwave.co.in', 'Viswanadh Pinisetti', 'VP', 'NW0001240', 'd-aptenglish', 'Assessment Intelligence', 'L1', 'L1 · Assessment Intelligence', false, $relay${"id":"NW0005117","name":"Viswanadh Pinisetti","initials":"VP","role":"L1","level":"L1","dept":"d-aptenglish","sub":"Assessment Intelligence","title":"L1 · Assessment Intelligence","managerId":"NW0001240"}$relay$::jsonb),
  ('NW0005886', 'namitha.mohasin@nxtwave.co.in', 'Namitha Mohasin', 'NM', 'NW0001240', 'd-aptenglish', 'Assessment Intelligence', 'L1', 'L1 · Assessment Intelligence', false, $relay${"id":"NW0005886","name":"Namitha Mohasin","initials":"NM","role":"L1","level":"L1","dept":"d-aptenglish","sub":"Assessment Intelligence","title":"L1 · Assessment Intelligence","managerId":"NW0001240"}$relay$::jsonb),
  ('NW0006195', 'pratik.bhattacharjee@nxtwave.co.in', 'Pratik Bhattacharjee', 'PB', 'NW0001240', 'd-aptenglish', NULL, 'L1', 'L1 · Content — Aptitude & English', false, $relay${"id":"NW0006195","name":"Pratik Bhattacharjee","initials":"PB","role":"L1","level":"L1","dept":"d-aptenglish","sub":null,"title":"L1 · Content — Aptitude & English","managerId":"NW0001240"}$relay$::jsonb),
  ('NW0001429', 'sreenu.gampala@nxtwave.co.in', 'Sreenu Gampala', 'SG', 'NW0005433', 'd-dsml', NULL, 'L1', 'L1 · Content — DS&ML', false, $relay${"id":"NW0001429","name":"Sreenu Gampala","initials":"SG","role":"L1","level":"L1","dept":"d-dsml","sub":null,"title":"L1 · Content — DS&ML","managerId":"NW0005433"}$relay$::jsonb),
  ('NW0003727', 'alka.kumari@nxtwave.co.in', 'Alka Kumari', 'AK', 'NW0005433', 'd-dsml', NULL, 'L1', 'L1 · Content — DS&ML', false, $relay${"id":"NW0003727","name":"Alka Kumari","initials":"AK","role":"L1","level":"L1","dept":"d-dsml","sub":null,"title":"L1 · Content — DS&ML","managerId":"NW0005433"}$relay$::jsonb),
  ('NW0004593', 'srutthi.g@nxtwave.co.in', 'Srutthi Sri G', 'SG', 'NW0005433', 'd-dsml', NULL, 'L1', 'L1 · Content — DS&ML', false, $relay${"id":"NW0004593","name":"Srutthi Sri G","initials":"SG","role":"L1","level":"L1","dept":"d-dsml","sub":null,"title":"L1 · Content — DS&ML","managerId":"NW0005433"}$relay$::jsonb),
  ('NW0005113', 'kompella.manvish@nxtwave.co.in', 'Kompella Sai Manvish', 'KM', 'NW0005433', 'd-dsml', NULL, 'L1', 'L1 · Content — DS&ML', false, $relay${"id":"NW0005113","name":"Kompella Sai Manvish","initials":"KM","role":"L1","level":"L1","dept":"d-dsml","sub":null,"title":"L1 · Content — DS&ML","managerId":"NW0005433"}$relay$::jsonb),
  ('NW0005433', 'rushikesh.konapure@nxtwave.co.in', 'Rushikesh Chandrakant Konapure', 'RK', 'NW0002526', 'd-dsml', NULL, 'L2', 'L2 · Content — DS&ML', false, $relay${"id":"NW0005433","name":"Rushikesh Chandrakant Konapure","initials":"RK","role":"L2","level":"L2","dept":"d-dsml","sub":null,"title":"L2 · Content — DS&ML","managerId":"NW0002526"}$relay$::jsonb),
  ('NW0005962', 'kavya.bhemana@nxtwave.co.in', 'Kavya Bhemana', 'KB', 'NW0005433', 'd-dsml', NULL, 'L1', 'L1 · Content — DS&ML', false, $relay${"id":"NW0005962","name":"Kavya Bhemana","initials":"KB","role":"L1","level":"L1","dept":"d-dsml","sub":null,"title":"L1 · Content — DS&ML","managerId":"NW0005433"}$relay$::jsonb),
  ('NW0006145', 'aditya.singh@nxtwave.co.in', 'Aditya Singh', 'AS', 'NW0005433', 'd-dsml', NULL, 'L1', 'L1 · Content — DS&ML', false, $relay${"id":"NW0006145","name":"Aditya Singh","initials":"AS","role":"L1","level":"L1","dept":"d-dsml","sub":null,"title":"L1 · Content — DS&ML","managerId":"NW0005433"}$relay$::jsonb),
  ('NW0006190', 'nangunoori.chandu@nxtwave.co.in', 'Nangunoori Chandu', 'NC', 'NW0005433', 'd-dsml', NULL, 'L1', 'L1 · Content — DS&ML', false, $relay${"id":"NW0006190","name":"Nangunoori Chandu","initials":"NC","role":"L1","level":"L1","dept":"d-dsml","sub":null,"title":"L1 · Content — DS&ML","managerId":"NW0005433"}$relay$::jsonb),
  ('NW0006237', 'tejeswara.n@nxtwave.co.in', 'Tejeswara Rao N', 'TN', 'NW0005433', 'd-dsml', NULL, 'L1', 'L1 · Content — DS&ML', false, $relay${"id":"NW0006237","name":"Tejeswara Rao N","initials":"TN","role":"L1","level":"L1","dept":"d-dsml","sub":null,"title":"L1 · Content — DS&ML","managerId":"NW0005433"}$relay$::jsonb),
  ('NW1005903', 'lavanya.rentala@nxtwave.co.in', 'Lavanya Sri Rentala', 'LR', 'NW0005433', 'd-dsml', NULL, 'L1', 'L1 · Content — DS&ML', false, $relay${"id":"NW1005903","name":"Lavanya Sri Rentala","initials":"LR","role":"L1","level":"L1","dept":"d-dsml","sub":null,"title":"L1 · Content — DS&ML","managerId":"NW0005433"}$relay$::jsonb),
  ('NW1006863', 'manoj.damsalapudi@nxtwave.co.in', 'Manoj kumar Damsalapudi', 'MD', 'NW0005433', 'd-dsml', NULL, 'L1', 'L1 · Content — DS&ML', false, $relay${"id":"NW1006863","name":"Manoj kumar Damsalapudi","initials":"MD","role":"L1","level":"L1","dept":"d-dsml","sub":null,"title":"L1 · Content — DS&ML","managerId":"NW0005433"}$relay$::jsonb),
  ('NW0000374', 'dilip.bhogi@nxtwave.co.in', 'Dilip Kumar Bhogi', 'DB', 'NW0002023', 'd-dsalgo', NULL, 'L1', 'L1 · Content — DS&Algo', false, $relay${"id":"NW0000374","name":"Dilip Kumar Bhogi","initials":"DB","role":"L1","level":"L1","dept":"d-dsalgo","sub":null,"title":"L1 · Content — DS&Algo","managerId":"NW0002023"}$relay$::jsonb),
  ('NW0005991', 'anshul.barahate@nxtwave.co.in', 'Anshul Jitendra Barahate', 'AB', 'NW0002023', 'd-dsalgo', NULL, 'L1', 'L1 · Content — DS&Algo', false, $relay${"id":"NW0005991","name":"Anshul Jitendra Barahate","initials":"AB","role":"L1","level":"L1","dept":"d-dsalgo","sub":null,"title":"L1 · Content — DS&Algo","managerId":"NW0002023"}$relay$::jsonb),
  ('NW0005864', 'jashwanth.dandu@nxtwave.co.in', 'Jashwanth Dandu', 'JD', 'NW0002023', 'd-dsalgo', NULL, 'L1', 'L1 · Content — DS&Algo', false, $relay${"id":"NW0005864","name":"Jashwanth Dandu","initials":"JD","role":"L1","level":"L1","dept":"d-dsalgo","sub":null,"title":"L1 · Content — DS&Algo","managerId":"NW0002023"}$relay$::jsonb),
  ('NW0003492', 'rishap.kumar@nxtwave.co.in', 'Rishap Kumar', 'RK', 'NW0002023', 'd-dsalgo', NULL, 'L1', 'L1 · Content — DS&Algo', false, $relay${"id":"NW0003492","name":"Rishap Kumar","initials":"RK","role":"L1","level":"L1","dept":"d-dsalgo","sub":null,"title":"L1 · Content — DS&Algo","managerId":"NW0002023"}$relay$::jsonb),
  ('NW0005863', 'tushar.agarwal@nxtwave.co.in', 'Tushar Agarwal', 'TA', 'NW0002023', 'd-dsalgo', NULL, 'L1', 'L1 · Content — DS&Algo', false, $relay${"id":"NW0005863","name":"Tushar Agarwal","initials":"TA","role":"L1","level":"L1","dept":"d-dsalgo","sub":null,"title":"L1 · Content — DS&Algo","managerId":"NW0002023"}$relay$::jsonb),
  ('NW0005865', 'praveen.seervi@nxtwave.co.in', 'Praveen Seervi', 'PS', 'NW0002023', 'd-dsalgo', NULL, 'L1', 'L1 · Content — DS&Algo', false, $relay${"id":"NW0005865","name":"Praveen Seervi","initials":"PS","role":"L1","level":"L1","dept":"d-dsalgo","sub":null,"title":"L1 · Content — DS&Algo","managerId":"NW0002023"}$relay$::jsonb),
  ('NW0002023', 'kakarla.pavanteja@nxtwave.co.in', 'Kakarla Venkata Seshasai Pavan Teja', 'KT', 'NW0002526', 'd-dsalgo', NULL, 'L2', 'L2 · Content — DS&Algo', false, $relay${"id":"NW0002023","name":"Kakarla Venkata Seshasai Pavan Teja","initials":"KT","role":"L2","level":"L2","dept":"d-dsalgo","sub":null,"title":"L2 · Content — DS&Algo","managerId":"NW0002526"}$relay$::jsonb),
  ('NW0005746', 'harsh.rai@nxtwave.co.in', 'Harsh Kumar Rai', 'HR', 'NW0002023', 'd-dsalgo', NULL, 'L1', 'L1 · Content — DS&Algo', false, $relay${"id":"NW0005746","name":"Harsh Kumar Rai","initials":"HR","role":"L1","level":"L1","dept":"d-dsalgo","sub":null,"title":"L1 · Content — DS&Algo","managerId":"NW0002023"}$relay$::jsonb),
  ('NW0005750', 'satyam.sharma@nxtwave.co.in', 'Satyam Sharma', 'SS', 'NW0002023', 'd-dsalgo', NULL, 'L1', 'L1 · Content — DS&Algo', false, $relay${"id":"NW0005750","name":"Satyam Sharma","initials":"SS","role":"L1","level":"L1","dept":"d-dsalgo","sub":null,"title":"L1 · Content — DS&Algo","managerId":"NW0002023"}$relay$::jsonb),
  ('NW0004624', 'narava.krishna@nxtwave.co.in', 'Narava Hari Krishna', 'NK', 'NW0002023', 'd-dsalgo', NULL, 'L1', 'L1 · Content — DS&Algo', false, $relay${"id":"NW0004624","name":"Narava Hari Krishna","initials":"NK","role":"L1","level":"L1","dept":"d-dsalgo","sub":null,"title":"L1 · Content — DS&Algo","managerId":"NW0002023"}$relay$::jsonb),
  ('NW0005707', 'cherala.harini@nxtwave.co.in', 'Cherala Harini', 'CH', 'NW0002023', 'd-dsalgo', NULL, 'L1', 'L1 · Content — DS&Algo', false, $relay${"id":"NW0005707","name":"Cherala Harini","initials":"CH","role":"L1","level":"L1","dept":"d-dsalgo","sub":null,"title":"L1 · Content — DS&Algo","managerId":"NW0002023"}$relay$::jsonb),
  ('NW0005724', 'syam.chinta@nxtwave.co.in', 'Syam Sundar Chinta', 'SC', 'NW0002023', 'd-dsalgo', NULL, 'L1', 'L1 · Content — DS&Algo', false, $relay${"id":"NW0005724","name":"Syam Sundar Chinta","initials":"SC","role":"L1","level":"L1","dept":"d-dsalgo","sub":null,"title":"L1 · Content — DS&Algo","managerId":"NW0002023"}$relay$::jsonb),
  ('NW1006592', 'chittaloori.rekha@nxtwave.co.in', 'Chittaloori Rekha', 'CR', 'NW0002023', 'd-dsalgo', NULL, 'L1', 'L1 · Content — DS&Algo', false, $relay${"id":"NW1006592","name":"Chittaloori Rekha","initials":"CR","role":"L1","level":"L1","dept":"d-dsalgo","sub":null,"title":"L1 · Content — DS&Algo","managerId":"NW0002023"}$relay$::jsonb),
  ('NW0004625', 'sai.vallabhaneni@nxtwave.co.in', 'Sai Vivek Vallabhaneni', 'SV', 'NW0002023', 'd-dsalgo', NULL, 'L1', 'L1 · Content — DS&Algo', false, $relay${"id":"NW0004625","name":"Sai Vivek Vallabhaneni","initials":"SV","role":"L1","level":"L1","dept":"d-dsalgo","sub":null,"title":"L1 · Content — DS&Algo","managerId":"NW0002023"}$relay$::jsonb),
  ('NW0005594', 'shruti.buduta@nxtwave.co.in', 'Shruti Buduta', 'SB', 'NW0002023', 'd-dsalgo', NULL, 'L1', 'L1 · Content — DS&Algo', false, $relay${"id":"NW0005594","name":"Shruti Buduta","initials":"SB","role":"L1","level":"L1","dept":"d-dsalgo","sub":null,"title":"L1 · Content — DS&Algo","managerId":"NW0002023"}$relay$::jsonb),
  ('NW1006406', 'tarun.aryan@nxtwave.co.in', 'Tarun Aryan', 'TA', 'NW0002023', 'd-dsalgo', NULL, 'L1', 'L1 · Content — DS&Algo', false, $relay${"id":"NW1006406","name":"Tarun Aryan","initials":"TA","role":"L1","level":"L1","dept":"d-dsalgo","sub":null,"title":"L1 · Content — DS&Algo","managerId":"NW0002023"}$relay$::jsonb),
  ('NW0005849', 'kashif.moazzam@nxtwave.co.in', 'Kashif Moazzam', 'KM', 'NW0002023', 'd-dsalgo', NULL, 'L1', 'L1 · Content — DS&Algo', false, $relay${"id":"NW0005849","name":"Kashif Moazzam","initials":"KM","role":"L1","level":"L1","dept":"d-dsalgo","sub":null,"title":"L1 · Content — DS&Algo","managerId":"NW0002023"}$relay$::jsonb),
  ('NW0001284', 'mahesh.j@nxtwave.co.in', 'Mahesh J', 'MJ', 'NW0002023', 'd-dsalgo', NULL, 'L1', 'L1 · Content — DS&Algo', false, $relay${"id":"NW0001284","name":"Mahesh J","initials":"MJ","role":"L1","level":"L1","dept":"d-dsalgo","sub":null,"title":"L1 · Content — DS&Algo","managerId":"NW0002023"}$relay$::jsonb),
  ('NW0001771', 'meesala.chanakya@nxtwave.co.in', 'Chanakya Meesala', 'CM', 'NW0002526', 'd-fsgci', 'Content — Fullstack', 'L2', 'L2 · Content — Fullstack', false, $relay${"id":"NW0001771","name":"Chanakya Meesala","initials":"CM","role":"L2","level":"L2","dept":"d-fsgci","sub":"Content — Fullstack","title":"L2 · Content — Fullstack","managerId":"NW0002526"}$relay$::jsonb),
  ('NW0001778', 'pushpa.chenna@nxtwave.co.in', 'Pushpa Latha Chenna', 'PC', 'NW0002526', 'd-fsgci', 'Content — GenAI', 'L2', 'L2 · Content — GenAI', false, $relay${"id":"NW0001778","name":"Pushpa Latha Chenna","initials":"PC","role":"L2","level":"L2","dept":"d-fsgci","sub":"Content — GenAI","title":"L2 · Content — GenAI","managerId":"NW0002526"}$relay$::jsonb),
  ('NW0002526', 'pavangangireddy@nxtwave.co.in', 'Pavan Gangireddy', 'PG', NULL, 'd-fsgci', 'Central Ops', 'L3', 'L3 · Content', true, $relay${"id":"NW0002526","name":"Pavan Gangireddy","initials":"PG","role":"L3","level":"L3","dept":"d-fsgci","sub":"Central Ops","title":"L3 · Content","managerId":null,"crossDept":true}$relay$::jsonb),
  ('NW0003056', 'khushi.jain@nxtwave.co.in', 'Khushi Jain', 'KJ', 'NW0001771', 'd-fsgci', 'Content — Fullstack', 'L1', 'L1 · Content — Fullstack', false, $relay${"id":"NW0003056","name":"Khushi Jain","initials":"KJ","role":"L1","level":"L1","dept":"d-fsgci","sub":"Content — Fullstack","title":"L1 · Content — Fullstack","managerId":"NW0001771"}$relay$::jsonb),
  ('NW0003057', 'vipparthi.angel@nxtwave.co.in', 'Vipparthi Angel', 'VA', 'NW0001771', 'd-fsgci', 'Content — Fullstack', 'L1', 'L1 · Content — Fullstack', false, $relay${"id":"NW0003057","name":"Vipparthi Angel","initials":"VA","role":"L1","level":"L1","dept":"d-fsgci","sub":"Content — Fullstack","title":"L1 · Content — Fullstack","managerId":"NW0001771"}$relay$::jsonb),
  ('NW0003123', 'banuri.pranathi@nxtwave.co.in', 'Banuri Pranathi', 'BP', 'NW0001778', 'd-fsgci', 'Content — GenAI', 'L1', 'L1 · Content — GenAI', false, $relay${"id":"NW0003123","name":"Banuri Pranathi","initials":"BP","role":"L1","level":"L1","dept":"d-fsgci","sub":"Content — GenAI","title":"L1 · Content — GenAI","managerId":"NW0001778"}$relay$::jsonb),
  ('NW0003857', 'jeevan.parisa@nxtwave.co.in', 'Jeevan Sravanth Parisa', 'JP', 'NW0001771', 'd-fsgci', 'Content — Fullstack', 'L1', 'L1 · Content — Fullstack', false, $relay${"id":"NW0003857","name":"Jeevan Sravanth Parisa","initials":"JP","role":"L1","level":"L1","dept":"d-fsgci","sub":"Content — Fullstack","title":"L1 · Content — Fullstack","managerId":"NW0001771"}$relay$::jsonb),
  ('NW0004570', 'priya.khairate@nxtwave.co.in', 'Priya Mallikarjun Khairate', 'PK', 'NW0001771', 'd-fsgci', 'Content — Fullstack', 'L1', 'L1 · Content — Fullstack', false, $relay${"id":"NW0004570","name":"Priya Mallikarjun Khairate","initials":"PK","role":"L1","level":"L1","dept":"d-fsgci","sub":"Content — Fullstack","title":"L1 · Content — Fullstack","managerId":"NW0001771"}$relay$::jsonb),
  ('NW0005015', 'kiran.budupula@nxtwave.co.in', 'Kiran Kumar Budupula', 'KB', 'NW0001778', 'd-fsgci', 'Content — GenAI', 'L1', 'L1 · Content — GenAI', false, $relay${"id":"NW0005015","name":"Kiran Kumar Budupula","initials":"KB","role":"L1","level":"L1","dept":"d-fsgci","sub":"Content — GenAI","title":"L1 · Content — GenAI","managerId":"NW0001778"}$relay$::jsonb),
  ('NW0005116', 'aryaa.sharma@nxtwave.co.in', 'Aryaa Sharma', 'AS', 'NW0002526', 'd-fsgci', 'Central Ops', 'Admin', 'Admin', true, $relay${"id":"NW0005116","name":"Aryaa Sharma","initials":"AS","role":"ADMIN","level":"Admin","dept":"d-fsgci","sub":"Central Ops","title":"Admin","managerId":"NW0002526","crossDept":true}$relay$::jsonb),
  ('NW0002531', 'soumya.esampally@nxtwave.co.in', 'Soumya Esampally', 'SE', 'NW0001771', 'd-fsgci', 'Content — Fullstack', 'L1', 'L1 · Content — Fullstack', false, $relay${"id":"NW0002531","name":"Soumya Esampally","initials":"SE","role":"L1","level":"L1","dept":"d-fsgci","sub":"Content — Fullstack","title":"L1 · Content — Fullstack","managerId":"NW0001771"}$relay$::jsonb),
  ('NW0005795', 'jani.nurubasha@nxtwave.co.in', 'Jani Basha Nurubasha', 'JN', 'NW0001771', 'd-fsgci', 'Content — Fullstack', 'L1', 'L1 · Content — Fullstack', false, $relay${"id":"NW0005795","name":"Jani Basha Nurubasha","initials":"JN","role":"L1","level":"L1","dept":"d-fsgci","sub":"Content — Fullstack","title":"L1 · Content — Fullstack","managerId":"NW0001771"}$relay$::jsonb),
  ('NW0005927', 'mandala.devi@nxtwave.co.in', 'Mandala Uma Devi', 'MD', 'NW0001778', 'd-fsgci', 'Content — GenAI', 'L1', 'L1 · Content — GenAI', false, $relay${"id":"NW0005927","name":"Mandala Uma Devi","initials":"MD","role":"L1","level":"L1","dept":"d-fsgci","sub":"Content — GenAI","title":"L1 · Content — GenAI","managerId":"NW0001778"}$relay$::jsonb),
  ('NW0006025', 'yerramilli.yeshwanth@nxtwave.co.in', 'Yerramilli Phani Yeshwanth', 'YY', 'NW0001771', 'd-fsgci', 'Content — Fullstack', 'L1', 'L1 · Content — Fullstack', false, $relay${"id":"NW0006025","name":"Yerramilli Phani Yeshwanth","initials":"YY","role":"L1","level":"L1","dept":"d-fsgci","sub":"Content — Fullstack","title":"L1 · Content — Fullstack","managerId":"NW0001771"}$relay$::jsonb),
  ('NW0006123', 'prashant.jha@nxtwave.co.in', 'Prashant Kumar Jha', 'PJ', 'NW0001771', 'd-fsgci', 'Content — Fullstack', 'L1', 'L1 · Content — Fullstack', false, $relay${"id":"NW0006123","name":"Prashant Kumar Jha","initials":"PJ","role":"L1","level":"L1","dept":"d-fsgci","sub":"Content — Fullstack","title":"L1 · Content — Fullstack","managerId":"NW0001771"}$relay$::jsonb),
  ('NW0006717', 'yedam.reddy@nxtwave.co.in', 'Yedam Venkat Ganesh Reddy', 'YR', 'NW-VIJAY-CO', 'd-fsgci', 'Central Ops', 'L1', 'L1 · Central Ops', false, $relay${"id":"NW0006717","name":"Yedam Venkat Ganesh Reddy","initials":"YR","role":"L1","level":"L1","dept":"d-fsgci","sub":"Central Ops","title":"L1 · Central Ops","managerId":"NW-VIJAY-CO"}$relay$::jsonb),
  ('NW1006662', 'chittharu.nagapravallika@nxtwave.co.in', 'Chittharu Nagapravallika', 'CN', 'NW0001771', 'd-fsgci', 'Content — Fullstack', 'L1', 'L1 · Content — Fullstack', false, $relay${"id":"NW1006662","name":"Chittharu Nagapravallika","initials":"CN","role":"L1","level":"L1","dept":"d-fsgci","sub":"Content — Fullstack","title":"L1 · Content — Fullstack","managerId":"NW0001771"}$relay$::jsonb),
  ('NW1006940', 'rishu.singh@nxtwave.co.in', 'Rishu Raj Singh', 'RS', 'NW0001771', 'd-fsgci', 'Content — Fullstack', 'L1', 'L1 · Content — Fullstack', false, $relay${"id":"NW1006940","name":"Rishu Raj Singh","initials":"RS","role":"L1","level":"L1","dept":"d-fsgci","sub":"Content — Fullstack","title":"L1 · Content — Fullstack","managerId":"NW0001771"}$relay$::jsonb),
  ('NW1006983', 'dasari.pallavi@nxtwave.co.in', 'Dasari Pallavi', 'DP', 'NW0001771', 'd-fsgci', 'Content — Fullstack', 'L1', 'L1 · Content — Fullstack', false, $relay${"id":"NW1006983","name":"Dasari Pallavi","initials":"DP","role":"L1","level":"L1","dept":"d-fsgci","sub":"Content — Fullstack","title":"L1 · Content — Fullstack","managerId":"NW0001771"}$relay$::jsonb),
  ('NW-VIJAY-CO', 'vijay.centralops@nxtwave.co.in', 'Vijay', 'VJ', 'NW0002526', 'd-fsgci', 'Central Ops', 'L2', 'L2 · Central Ops', false, $relay${"id":"NW-VIJAY-CO","name":"Vijay","initials":"VJ","role":"L2","level":"L2","dept":"d-fsgci","sub":"Central Ops","title":"L2 · Central Ops","managerId":"NW0002526"}$relay$::jsonb)
on conflict (id) do update set email = excluded.email, name = excluded.name, initials = excluded.initials, manager_id = excluded.manager_id, dept = excluded.dept, sub = excluded.sub, role_level = excluded.role_level, title = excluded.title, is_cross_dept = excluded.is_cross_dept, data = excluded.data;

insert into business_directions (id, data) values
  ('bd-cd', $relay${"id":"bd-cd","name":"CD - Curriculum Development","products":[{"id":"p-content","name":"Content","departments":[{"id":"d-fsgci","name":"Content — FS, GenAI & CO","short":"FS · GenAI · CO","lead":null,"subs":["Content — Fullstack","Content — GenAI","Central Ops"]},{"id":"d-aptenglish","name":"Content — Aptitude & English","short":"Aptitude · English","lead":null,"subs":["Content — Aptitude","Content — English"]},{"id":"d-dsml","name":"Content — DS&ML","short":"DS&ML","flat":true,"lead":"NW0005433","subs":["Content — DS&ML"]},{"id":"d-dsalgo","name":"Content — DS&Algo","short":"DS&Algo","flat":true,"lead":"NW0002023","subs":["Content — DS&Algo"]}]}]}$relay$::jsonb)
on conflict (id) do update set data = excluded.data;

insert into departments (id, bd_id, product_id, data) values
  ('d-fsgci', 'bd-cd', 'p-content', $relay${"id":"d-fsgci","name":"Content — FS, GenAI & CO","short":"FS · GenAI · CO","lead":null,"subs":["Content — Fullstack","Content — GenAI","Central Ops"],"productId":"p-content","productName":"Content","bdId":"bd-cd","bdName":"CD - Curriculum Development"}$relay$::jsonb),
  ('d-aptenglish', 'bd-cd', 'p-content', $relay${"id":"d-aptenglish","name":"Content — Aptitude & English","short":"Aptitude · English","lead":null,"subs":["Content — Aptitude","Content — English"],"productId":"p-content","productName":"Content","bdId":"bd-cd","bdName":"CD - Curriculum Development"}$relay$::jsonb),
  ('d-dsml', 'bd-cd', 'p-content', $relay${"id":"d-dsml","name":"Content — DS&ML","short":"DS&ML","flat":true,"lead":"NW0005433","subs":["Content — DS&ML"],"productId":"p-content","productName":"Content","bdId":"bd-cd","bdName":"CD - Curriculum Development"}$relay$::jsonb),
  ('d-dsalgo', 'bd-cd', 'p-content', $relay${"id":"d-dsalgo","name":"Content — DS&Algo","short":"DS&Algo","flat":true,"lead":"NW0002023","subs":["Content — DS&Algo"],"productId":"p-content","productName":"Content","bdId":"bd-cd","bdName":"CD - Curriculum Development"}$relay$::jsonb)
on conflict (id) do update set bd_id = excluded.bd_id, product_id = excluded.product_id, data = excluded.data;

insert into dept_health (id, data) values
  ('d-fsgci', $relay${"score":78,"status":"amber","trend":-3,"reportRate":0.88,"kpiOnTrack":0.5,"openBlockers":4,"overdueTasks":6,"sparkline":[82,80,81,79,77,80,78,81,78,76,78],"activeReports":22,"totalExpected":25}$relay$::jsonb),
  ('d-aptenglish', $relay${"score":86,"status":"green","trend":2,"reportRate":0.94,"kpiOnTrack":1,"openBlockers":1,"overdueTasks":2,"sparkline":[80,81,82,82,83,84,85,84,85,86,86],"activeReports":13,"totalExpected":14}$relay$::jsonb),
  ('d-dsml', $relay${"score":73,"status":"amber","trend":-2,"reportRate":0.86,"kpiOnTrack":0.5,"openBlockers":2,"overdueTasks":3,"sparkline":[78,77,76,75,74,73,74,73,72,73,73],"activeReports":6,"totalExpected":7}$relay$::jsonb),
  ('d-dsalgo', $relay${"score":64,"status":"red","trend":-8,"reportRate":0.71,"kpiOnTrack":0,"openBlockers":3,"overdueTasks":5,"sparkline":[76,74,72,71,70,69,68,67,65,65,64],"activeReports":5,"totalExpected":7}$relay$::jsonb)
on conflict (id) do update set data = excluded.data;

insert into kpis (id, dept, owner_id, data) values
  ('k-1', 'd-fsgci', 'NW0001771', $relay${"id":"k-1","name":"Fullstack content velocity","dept":"d-fsgci","target":18,"current":14,"unit":"/wk","status":"amber","trend":[16,15,15,14,14,14],"owner":"NW0001771"}$relay$::jsonb),
  ('k-2', 'd-fsgci', 'NW0001778', $relay${"id":"k-2","name":"GenAI lab readiness","dept":"d-fsgci","target":90,"current":76,"unit":"%","status":"amber","trend":[70,72,73,74,75,76],"owner":"NW0001778"}$relay$::jsonb),
  ('k-3', 'd-fsgci', 'NW-VIJAY-CO', $relay${"id":"k-3","name":"Central Ops uptime","dept":"d-fsgci","target":99.9,"current":99.62,"unit":"%","status":"red","trend":[99.94,99.91,99.8,99.7,99.65,99.62],"owner":"NW-VIJAY-CO","lowerIsBetter":false}$relay$::jsonb),
  ('k-4', 'd-fsgci', 'NW-VIJAY-CO', $relay${"id":"k-4","name":"Central Ops report-rate","dept":"d-fsgci","target":95,"current":96,"unit":"%","status":"green","trend":[92,93,94,95,95,96],"owner":"NW-VIJAY-CO"}$relay$::jsonb),
  ('k-5', 'd-aptenglish', 'NW0002849', $relay${"id":"k-5","name":"Aptitude problem coverage","dept":"d-aptenglish","target":95,"current":91,"unit":"%","status":"amber","trend":[86,88,89,90,90,91],"owner":"NW0002849"}$relay$::jsonb),
  ('k-6', 'd-aptenglish', 'NW0001240', $relay${"id":"k-6","name":"English unit completion","dept":"d-aptenglish","target":85,"current":88,"unit":"%","status":"green","trend":[82,84,85,86,87,88],"owner":"NW0001240"}$relay$::jsonb),
  ('k-7', 'd-dsml', 'NW0005433', $relay${"id":"k-7","name":"DS&ML curriculum coverage","dept":"d-dsml","target":95,"current":82,"unit":"%","status":"amber","trend":[78,79,80,81,82,82],"owner":"NW0005433"}$relay$::jsonb),
  ('k-8', 'd-dsml', 'NW0005433', $relay${"id":"k-8","name":"DS&ML mentor NPS","dept":"d-dsml","target":72,"current":75,"unit":"","status":"green","trend":[70,72,73,74,74,75],"owner":"NW0005433"}$relay$::jsonb),
  ('k-9', 'd-dsalgo', 'NW0002023', $relay${"id":"k-9","name":"DS&Algo problem freshness","dept":"d-dsalgo","target":60,"current":47,"unit":"/wk","status":"amber","trend":[52,50,48,49,46,47],"owner":"NW0002023"}$relay$::jsonb),
  ('k-10', 'd-dsalgo', 'NW0002023', $relay${"id":"k-10","name":"DS&Algo student pass rate","dept":"d-dsalgo","target":78,"current":70,"unit":"%","status":"red","trend":[76,74,73,72,71,70],"owner":"NW0002023"}$relay$::jsonb)
on conflict (id) do update set dept = excluded.dept, owner_id = excluded.owner_id, data = excluded.data;

insert into weekly_summaries (id, dept, status, data) values
  ('w-fsgci-21', 'd-fsgci', 'DRAFT', $relay${"id":"w-fsgci-21","dept":"d-fsgci","deptName":"Content — FS, GenAI & CO","weekOf":"2026-05-18","status":"DRAFT","confidence":0.84,"generatedAt":"2026-05-22 06:02 IST","generatedBy":"WeeklyConsolidation agent","sections":[{"h":"Highlights","items":[{"text":"Fullstack velocity at 14 units (target 18) — recovery trajectory still slow.","cites":["r-1001","k-1"]},{"text":"GenAI RAG-lab spec finalized; awaiting Pavan G sign-off.","cites":["r-1002"]},{"text":"Central Ops rolled out ASG v3 to staging.","cites":["r-1003"]},{"text":"Central Ops report-rate at 96% — best in 6 weeks.","cites":["r-1004","k-4"]}]},{"h":"Risks","items":[{"text":"Heap-allocation Central Ops dependency blocks heap-sort lab; 3-day-old recurring blocker.","cites":["r-1001","f-2"]},{"text":"GenAI vector-DB cost will exceed free tier in 3 weeks.","cites":["r-1002","t-5"]},{"text":"Infra uptime 99.62% vs 99.9% target — NAT throttle root cause still pending AWS.","cites":["r-1003","k-3"]}]},{"h":"Asks","items":[{"text":"Pavan G: align on whether to ship Fullstack unit without Node-perf lab or wait on Central Ops fix.","cites":[]},{"text":"Approve GenAI Pinecone paid-tier ($340/mo) — see t-5.","cites":["t-5"]}]}],"editedBy":null,"publishedAt":null}$relay$::jsonb),
  ('w-apten-21', 'd-aptenglish', 'PUBLISHED', $relay${"id":"w-apten-21","dept":"d-aptenglish","deptName":"Content — Aptitude & English","weekOf":"2026-05-18","status":"PUBLISHED","confidence":0.91,"generatedAt":"2026-05-19 06:01 IST","generatedBy":"WeeklyConsolidation agent","sections":[{"h":"Highlights","items":[{"text":"Aptitude problem bank +22 vetted items; coverage now 91%.","cites":["r-1005","k-5"]},{"text":"English unit-completion rate +6 pts wow to 88%.","cites":["r-1010","k-6"]}]},{"h":"Risks","items":[{"text":"English daily reports trending under-detailed; raised as low-severity flag.","cites":["f-6"]}]},{"h":"Asks","items":[{"text":"Approve pilot of new Logical Reasoning unit with 30-student cohort.","cites":["r-1005"]}]}],"editedBy":"NW0002526","publishedAt":"2026-05-19 11:30 IST"}$relay$::jsonb),
  ('w-dsml-21', 'd-dsml', 'DRAFT', $relay${"id":"w-dsml-21","dept":"d-dsml","deptName":"Content — DS&ML","weekOf":"2026-05-18","status":"DRAFT","confidence":0.78,"generatedAt":"2026-05-22 06:03 IST","generatedBy":"WeeklyConsolidation agent","sections":[{"h":"Highlights","items":[{"text":"Three new classification labs shipped (logistic, decision-tree, SVM).","cites":["r-1007"]},{"text":"Mentor NPS holds at 75 (target 72).","cites":["k-8"]}]},{"h":"Risks","items":[{"text":"Curriculum coverage 82% vs 95% target — narrowing but still amber.","cites":["k-7","r-1007"]},{"text":"Mentor capacity 1:48 actual vs 1:35 planned; impacts session quality.","cites":["r-1007","t-6"]}]}],"editedBy":null,"publishedAt":null}$relay$::jsonb),
  ('w-dsalgo-21', 'd-dsalgo', 'DRAFT', $relay${"id":"w-dsalgo-21","dept":"d-dsalgo","deptName":"Content — DS&Algo","weekOf":"2026-05-18","status":"DRAFT","confidence":0.62,"generatedAt":"2026-05-22 06:04 IST","generatedBy":"WeeklyConsolidation agent","sections":[{"h":"Highlights","items":[{"text":"6 new array problems shipped (sliding window set).","cites":["r-1009"]}]},{"h":"Risks","items":[{"text":"Student pass rate 70% vs 78% target — red, 2-week downward trend.","cites":["k-10","r-1009"]},{"text":"Heap-allocation Central Ops blocker now 3 days old.","cites":["r-1009","f-2"]},{"text":"Today’s DS&Algo report is missing — confidence in this draft is reduced (0.62).","cites":["f-1"]}]},{"h":"Asks","items":[{"text":"Pavan G: review whether DS&Algo needs additional staffing given pass-rate drop.","cites":[]}]}],"editedBy":null,"publishedAt":null}$relay$::jsonb)
on conflict (id) do update set dept = excluded.dept, status = excluded.status, data = excluded.data;

insert into daily_reports (id, author_id, dept, sub, report_date, data) values
  ('r-1001', 'NW0001771', 'd-fsgci', 'Content — Fullstack', '2026-05-21', $relay${"id":"r-1001","author":"NW0001771","date":"2026-05-21","submittedAt":"21:48 IST","sub":"Content — Fullstack","dept":"d-fsgci","validation":"OK","confidence":0.92,"items":[{"kind":"done","text":"Shipped 4 new full-stack labs (auth, sessions, file uploads, websockets) into the curriculum graph."},{"kind":"done","text":"Reviewed 12 student PRs on the e-commerce capstone; updated rubric for partial credit."},{"kind":"progress","text":"Drafting deployment unit — 60% complete; visualizer specs sent to Central Ops."},{"kind":"blocker","text":"Waiting on Central Ops for code-runner support of large heap allocations (blocks Node performance lab)."},{"kind":"plan","text":"Tomorrow: finish CI/CD narrative + send to Pavan G for review."}],"kpiHits":["k-1"]}$relay$::jsonb),
  ('r-1002', 'NW0001778', 'd-fsgci', 'Content — GenAI', '2026-05-21', $relay${"id":"r-1002","author":"NW0001778","date":"2026-05-21","submittedAt":"20:11 IST","sub":"Content — GenAI","dept":"d-fsgci","validation":"OK","confidence":0.88,"items":[{"kind":"done","text":"Finalized RAG-lab spec — 8 notebooks; sign-off pending from Pavan G."},{"kind":"progress","text":"Live A/B on prompt-engineering placement; early signal +6% completion (n=412, low power)."},{"kind":"risk","text":"Vector-DB cost model assumes Pinecone free tier; actual usage will exceed in week 3."},{"kind":"plan","text":"Tomorrow: budget review with Central Ops; cut down embedding dim."}],"kpiHits":["k-2"]}$relay$::jsonb),
  ('r-1003', 'NW-VIJAY-CO', 'd-fsgci', 'Central Ops', '2026-05-21', $relay${"id":"r-1003","author":"NW-VIJAY-CO","date":"2026-05-21","submittedAt":"19:30 IST","sub":"Central Ops","dept":"d-fsgci","validation":"OK","confidence":0.87,"items":[{"kind":"done","text":"Rolled out auto-scaling group v3 to staging code-runner cluster."},{"kind":"risk","text":"Database read replica lag spiked to 8.3 s during EU peak. Investigating."},{"kind":"blocker","text":"AWS support case open for unexplained NAT throttle (3d)."},{"kind":"plan","text":"Bring up second NAT gateway as workaround."}],"kpiHits":["k-3"]}$relay$::jsonb),
  ('r-1004', 'NW-VIJAY-CO', 'd-fsgci', 'Central Ops', '2026-05-21', $relay${"id":"r-1004","author":"NW-VIJAY-CO","date":"2026-05-21","submittedAt":"22:01 IST","sub":"Central Ops","dept":"d-fsgci","validation":"OK","confidence":0.91,"items":[{"kind":"done","text":"Closed 9 of 11 outstanding intake tickets across content tracks."},{"kind":"done","text":"Pulled report-rate dashboards for Pavan G review — 96% this week."},{"kind":"progress","text":"Migrating Python module entries to v2 platform schema; 40%."},{"kind":"plan","text":"Continue migration; sync with Vijay on schema unblock."}],"kpiHits":["k-4"]}$relay$::jsonb),
  ('r-1005', 'NW0002849', 'd-aptenglish', 'Content — Aptitude', '2026-05-21', $relay${"id":"r-1005","author":"NW0002849","date":"2026-05-21","submittedAt":"18:45 IST","sub":"Content — Aptitude","dept":"d-aptenglish","validation":"OK","confidence":0.89,"items":[{"kind":"done","text":"Added 22 quantitative-aptitude problems to the question bank; reviewed by 2 SMEs."},{"kind":"progress","text":"Drafting Logical Reasoning unit v2; outline approved."},{"kind":"plan","text":"Run pilot session with 30 students on new problem-set difficulty curve."}],"kpiHits":["k-5"]}$relay$::jsonb),
  ('r-1006', 'NW0001240', 'd-aptenglish', 'Content — English', '2026-05-21', $relay${"id":"r-1006","author":"NW0001240","date":"2026-05-21","submittedAt":"19:55 IST","sub":"Content — English","dept":"d-aptenglish","validation":"PARTIAL","confidence":0.64,"items":[{"kind":"done","text":"Updated business-English module with 12 new scenarios."},{"kind":"progress","text":"Reading comprehension unit revamp 70%."},{"kind":"note","text":"No blockers."}],"kpiHits":[],"warnings":["Plan for tomorrow missing","Low item detail on item 2"]}$relay$::jsonb),
  ('r-1007', 'NW0005433', 'd-dsml', 'Content — DS&ML', '2026-05-21', $relay${"id":"r-1007","author":"NW0005433","date":"2026-05-21","submittedAt":"23:12 IST","sub":"Content — DS&ML","dept":"d-dsml","validation":"OK","confidence":0.9,"items":[{"kind":"done","text":"Shipped 3 new classification labs (logistic, decision-tree, SVM) into the curriculum."},{"kind":"progress","text":"Eval harness for ML evaluation rubric 70%."},{"kind":"risk","text":"Mentor capacity for DS&ML cohort is at 1:48; planned 1:35."},{"kind":"plan","text":"Sync with Pavan G on hiring forecast bump."}],"kpiHits":["k-7","k-8"]}$relay$::jsonb),
  ('r-1008', 'NW0002023', 'd-dsalgo', 'Content — DS&Algo', '2026-05-21', $relay${"id":"r-1008","author":"NW0002023","date":"2026-05-21","submittedAt":"— missing —","sub":"Content — DS&Algo","dept":"d-dsalgo","validation":"MISSING","confidence":0,"items":[],"kpiHits":[],"missing":true}$relay$::jsonb),
  ('r-1009', 'NW0002023', 'd-dsalgo', 'Content — DS&Algo', '2026-05-20', $relay${"id":"r-1009","author":"NW0002023","date":"2026-05-20","submittedAt":"21:32 IST","sub":"Content — DS&Algo","dept":"d-dsalgo","validation":"OK","confidence":0.86,"items":[{"kind":"done","text":"Shipped 6 new array problems (sliding window set) into the problem graph."},{"kind":"progress","text":"Drafting graph-algorithms unit — 60%; visualizer specs sent to Central Ops."},{"kind":"blocker","text":"Waiting on Central Ops for heap-allocation limit (blocks heap-sort lab); cited 3 days running."},{"kind":"risk","text":"Student pass rate slipping (70% vs 78% target); 2-week downward trend."},{"kind":"plan","text":"Finish BFS/DFS narrative + send to Pavan G."}],"kpiHits":["k-9","k-10"]}$relay$::jsonb),
  ('r-1010', 'NW0001240', 'd-aptenglish', 'Content — English', '2026-05-20', $relay${"id":"r-1010","author":"NW0001240","date":"2026-05-20","submittedAt":"20:11 IST","sub":"Content — English","dept":"d-aptenglish","validation":"OK","confidence":0.86,"items":[{"kind":"done","text":"Recorded 4 video explanations for grammar deep-dive."},{"kind":"progress","text":"Vocabulary track migration 50%."},{"kind":"plan","text":"Continue migration; pair with Prudvi on placement test."}],"kpiHits":["k-6"]}$relay$::jsonb)
on conflict (id) do update set author_id = excluded.author_id, dept = excluded.dept, sub = excluded.sub, report_date = excluded.report_date, data = excluded.data;

insert into worklogs (id, owner_id, dept, work_date, data) values
  ('wl-1000', 'NW0001771', 'd-fsgci', '2026-05-22', $relay${"id":"wl-1000","userId":"NW0001771","userName":"Chanakya Meesala","userInitials":"CM","empId":"EMP-2044","dept":"d-fsgci","sub":"Content — Fullstack","date":"2026-05-22","daysAgo":0,"products":["NxtWave"],"stacks":["FS — Python"],"outputCategory":"TR-Doc","taskCategory":"Content Creation & Review","outputCount":4,"template":{"course":"Fullstack — Java","module":"Authentication","topic":"JWT refresh tokens","workflow":"TR Doc Generator","mode":"Review"},"hours":2.5,"status":"Done","reason":null,"submittedAt":"17:00 IST"}$relay$::jsonb),
  ('wl-1001', 'NW0001771', 'd-fsgci', '2026-05-22', $relay${"id":"wl-1001","userId":"NW0001771","userName":"Chanakya Meesala","userInitials":"CM","empId":"EMP-2044","dept":"d-fsgci","sub":"Content — Fullstack","date":"2026-05-22","daysAgo":0,"products":["NxtWave"],"stacks":["FS — Python"],"outputCategory":"Objective Content (Coding Q, MCQs)","taskCategory":"Content Creation & Review","outputCount":3,"template":{"course":"Fullstack — Python","module":"Data Structures","topic":"Linked Lists","workflow":"MCQ Generator","mode":"Creation"},"hours":1.5,"status":"Done","reason":null,"submittedAt":"20:07 IST"}$relay$::jsonb),
  ('wl-1002', 'NW0001771', 'd-fsgci', '2026-05-22', $relay${"id":"wl-1002","userId":"NW0001771","userName":"Chanakya Meesala","userInitials":"CM","empId":"EMP-2044","dept":"d-fsgci","sub":"Content — Fullstack","date":"2026-05-22","daysAgo":0,"products":["NxtWave"],"stacks":["FS — Python"],"outputCategory":"Agentic Workflow Initiative, R&D, Tools","taskCategory":"Process & Tooling","outputCount":3,"template":{"work":"Built / refined internal tool","tool":"Industry Insight Generator","impact":"3"},"hours":2,"status":"In-progress","reason":null,"submittedAt":"18:14 IST"}$relay$::jsonb),
  ('wl-1003', 'NW0001778', 'd-fsgci', '2026-05-22', $relay${"id":"wl-1003","userId":"NW0001778","userName":"Pushpa Latha Chenna","userInitials":"PC","empId":"EMP-2045","dept":"d-fsgci","sub":"Content — GenAI","date":"2026-05-22","daysAgo":0,"products":["NIAT - B2","Academy"],"stacks":["GenAI"],"outputCategory":"Agentic Workflow Initiative, R&D, Tools","taskCategory":"Process & Tooling","outputCount":6,"template":{"work":"Built / refined internal tool","tool":"Video Production Pipeline","impact":"4"},"hours":3.5,"status":"Done","reason":null,"submittedAt":"21:21 IST"}$relay$::jsonb),
  ('wl-1004', 'NW0001778', 'd-fsgci', '2026-05-22', $relay${"id":"wl-1004","userId":"NW0001778","userName":"Pushpa Latha Chenna","userInitials":"PC","empId":"EMP-2045","dept":"d-fsgci","sub":"Content — GenAI","date":"2026-05-22","daysAgo":0,"products":["NIAT - B2"],"stacks":["GenAI"],"outputCategory":"Pedagogy Initiative","taskCategory":"Learning Outcome Initiative","outputCount":3,"template":{"initiative":"Adaptive problem ladder","usecase":"DS&Algo cohort 4","impact":"5"},"hours":2,"status":"In-progress","reason":null,"submittedAt":"19:28 IST"}$relay$::jsonb),
  ('wl-1005', 'NW0001771', 'd-fsgci', '2026-05-22', $relay${"id":"wl-1005","userId":"NW0001771","userName":"Chanakya Meesala","userInitials":"CM","empId":"EMP-2044","dept":"d-fsgci","sub":"Content — Fullstack","date":"2026-05-22","daysAgo":0,"products":["NxtWave"],"stacks":["FS — Python"],"outputCategory":"Testing & Learning Portal Configurations","taskCategory":"Process & Tooling","outputCount":6,"template":{"work":"Built / refined internal tool","tool":"Topic Validator","impact":"1"},"hours":4,"status":"Done","reason":null,"submittedAt":"17:35 IST"}$relay$::jsonb),
  ('wl-1006', 'NW0001771', 'd-fsgci', '2026-05-22', $relay${"id":"wl-1006","userId":"NW0001771","userName":"Chanakya Meesala","userInitials":"CM","empId":"EMP-2044","dept":"d-fsgci","sub":"Content — Fullstack","date":"2026-05-22","daysAgo":0,"products":["NxtWave"],"stacks":["FS — Python"],"outputCategory":"Feedback & Backpropagation","taskCategory":"Process & Tooling","outputCount":3,"template":{"work":"Built / refined internal tool","tool":"TR Doc Generator","impact":"2"},"hours":1.5,"status":"Blocked","reason":"AWS support case open on NAT throttle (3d)","submittedAt":"20:42 IST"}$relay$::jsonb),
  ('wl-1007', 'NW0002526', 'd-fsgci', '2026-05-22', $relay${"id":"wl-1007","userId":"NW0002526","userName":"Pavan Gangireddy","userInitials":"PG","empId":"EMP-2046","dept":"d-fsgci","sub":"Central Ops","date":"2026-05-22","daysAgo":0,"products":["NxtWave"],"stacks":["FS — Java"],"outputCategory":"Stakeholder Request Fulfillment","taskCategory":"Business Requests & Coordination","outputCount":null,"template":{"agenda":"Q3 forecast review","items":"— Hiring gap\n— Mentor capacity","urgency":"Critical"},"hours":2,"status":"Done","reason":null,"submittedAt":"18:49 IST"}$relay$::jsonb),
  ('wl-1008', 'NW0002526', 'd-fsgci', '2026-05-22', $relay${"id":"wl-1008","userId":"NW0002526","userName":"Pavan Gangireddy","userInitials":"PG","empId":"EMP-2046","dept":"d-fsgci","sub":"Central Ops","date":"2026-05-22","daysAgo":0,"products":["NxtWave"],"stacks":["FS — Java"],"outputCategory":"Executive Reporting","taskCategory":"Reporting Analysis","outputCount":null,"template":{"cadence":"Weekly"},"hours":1.5,"status":"Done","reason":null,"submittedAt":"21:56 IST"}$relay$::jsonb),
  ('wl-1009', 'NW0002526', 'd-fsgci', '2026-05-22', $relay${"id":"wl-1009","userId":"NW0002526","userName":"Pavan Gangireddy","userInitials":"PG","empId":"EMP-2046","dept":"d-fsgci","sub":"Central Ops","date":"2026-05-22","daysAgo":0,"products":["NxtWave"],"stacks":["FS — Java"],"outputCategory":"HR & Employee Engagement","taskCategory":"Employee Engagement","outputCount":2,"template":{"activity":"Friday team lunch","purpose":"Cross-team bonding"},"hours":1,"status":"Done","reason":null,"submittedAt":"19:03 IST"}$relay$::jsonb),
  ('wl-1010', 'NW0002849', 'd-aptenglish', '2026-05-22', $relay${"id":"wl-1010","userId":"NW0002849","userName":"Poojitha pachava","userInitials":"PP","empId":"EMP-2001","dept":"d-aptenglish","sub":"Content — Aptitude","date":"2026-05-22","daysAgo":0,"products":["Launchpad"],"stacks":["Aptitude"],"outputCategory":"Objective Content (Coding Q, MCQs)","taskCategory":"Content Creation & Review","outputCount":6,"template":{"course":"DS&Algo","module":"API Design","topic":"Rate limiting","workflow":"Hint Generator","mode":"Creation"},"hours":4,"status":"Done","reason":null,"submittedAt":"17:10 IST"}$relay$::jsonb),
  ('wl-1011', 'NW0002849', 'd-aptenglish', '2026-05-22', $relay${"id":"wl-1011","userId":"NW0002849","userName":"Poojitha pachava","userInitials":"PP","empId":"EMP-2001","dept":"d-aptenglish","sub":"Content — Aptitude","date":"2026-05-22","daysAgo":0,"products":["Launchpad","Academy"],"stacks":["Aptitude"],"outputCategory":"TR-Doc","taskCategory":"Content Creation & Review","outputCount":3,"template":{"course":"GenAI","module":"Probability","topic":"Bayes theorem","workflow":"Topic Validator","mode":"Creation"},"hours":2,"status":"In-progress","reason":null,"submittedAt":"20:17 IST"}$relay$::jsonb),
  ('wl-1012', 'NW0005433', 'd-dsml', '2026-05-22', $relay${"id":"wl-1012","userId":"NW0005433","userName":"Rushikesh Chandrakant Konapure","userInitials":"RK","empId":"EMP-2019","dept":"d-dsml","sub":null,"date":"2026-05-22","daysAgo":0,"products":["NIAT - B2"],"stacks":["DS/ML"],"outputCategory":"TR-Doc","taskCategory":"Content Creation & Review","outputCount":5,"template":{"course":"Aptitude","module":"RAG Lab","topic":"Vector DB cost","workflow":"TR Doc Generator","mode":"Review"},"hours":3,"status":"Done","reason":null,"submittedAt":"18:24 IST"}$relay$::jsonb),
  ('wl-1013', 'NW0005433', 'd-dsml', '2026-05-22', $relay${"id":"wl-1013","userId":"NW0005433","userName":"Rushikesh Chandrakant Konapure","userInitials":"RK","empId":"EMP-2019","dept":"d-dsml","sub":null,"date":"2026-05-22","daysAgo":0,"products":["NIAT - B2","Academy"],"stacks":["DS/ML"],"outputCategory":"Projects","taskCategory":"Content Creation & Review","outputCount":4,"template":{"course":"English","module":"Vocabulary","topic":"Idioms","workflow":"MCQ Generator","mode":"Creation"},"hours":2.5,"status":"Done","reason":null,"submittedAt":"21:31 IST"}$relay$::jsonb),
  ('wl-1014', 'NW0001771', 'd-fsgci', '2026-05-21', $relay${"id":"wl-1014","userId":"NW0001771","userName":"Chanakya Meesala","userInitials":"CM","empId":"EMP-2044","dept":"d-fsgci","sub":"Content — Fullstack","date":"2026-05-21","daysAgo":1,"products":["NxtWave"],"stacks":["FS — Python"],"outputCategory":"TR-Doc","taskCategory":"Content Creation & Review","outputCount":5,"template":{"course":"Fullstack — Java","module":"Sorting Algorithms","topic":"Quicksort partition","workflow":"Industry Insight Generator","mode":"Creation"},"hours":3,"status":"Done","reason":null,"submittedAt":"19:38 IST"}$relay$::jsonb),
  ('wl-1015', 'NW0001771', 'd-fsgci', '2026-05-21', $relay${"id":"wl-1015","userId":"NW0001771","userName":"Chanakya Meesala","userInitials":"CM","empId":"EMP-2044","dept":"d-fsgci","sub":"Content — Fullstack","date":"2026-05-21","daysAgo":1,"products":["NxtWave"],"stacks":["FS — Python"],"outputCategory":"PPT","taskCategory":"Content Creation & Review","outputCount":2,"template":{"course":"Fullstack — Python","module":"Concurrency","topic":"Channels","workflow":"Video Production Pipeline","mode":"Review"},"hours":1,"status":"Done","reason":null,"submittedAt":"17:45 IST"}$relay$::jsonb),
  ('wl-1016', 'NW0001771', 'd-fsgci', '2026-05-21', $relay${"id":"wl-1016","userId":"NW0001771","userName":"Chanakya Meesala","userInitials":"CM","empId":"EMP-2044","dept":"d-fsgci","sub":"Content — Fullstack","date":"2026-05-21","daysAgo":1,"products":["NxtWave"],"stacks":["FS — Python"],"outputCategory":"Content Issue Resolution","taskCategory":"Content Creation & Review","outputCount":3,"template":{"course":"DS&ML","module":"Authentication","topic":"JWT refresh tokens","workflow":"Hint Generator","mode":"Creation"},"hours":1.5,"status":"Done","reason":null,"submittedAt":"20:52 IST"}$relay$::jsonb),
  ('wl-1017', 'NW0001778', 'd-fsgci', '2026-05-21', $relay${"id":"wl-1017","userId":"NW0001778","userName":"Pushpa Latha Chenna","userInitials":"PC","empId":"EMP-2045","dept":"d-fsgci","sub":"Content — GenAI","date":"2026-05-21","daysAgo":1,"products":["NIAT - B2","Academy"],"stacks":["GenAI"],"outputCategory":"PPT","taskCategory":"Content Creation & Review","outputCount":4,"template":{"course":"DS&Algo","module":"Data Structures","topic":"Linked Lists","workflow":"Topic Validator","mode":"Creation"},"hours":2.5,"status":"Done","reason":null,"submittedAt":"18:59 IST"}$relay$::jsonb),
  ('wl-1018', 'NW0001778', 'd-fsgci', '2026-05-21', $relay${"id":"wl-1018","userId":"NW0001778","userName":"Pushpa Latha Chenna","userInitials":"PC","empId":"EMP-2045","dept":"d-fsgci","sub":"Content — GenAI","date":"2026-05-21","daysAgo":1,"products":["NIAT - B2"],"stacks":["GenAI"],"outputCategory":"Video Session","taskCategory":"Recording & Production","outputCount":3,"template":{"course":"GenAI","module":"API Design","topic":"Rate limiting","workflow":"TR Doc Generator","stage":"Recording"},"hours":1.5,"status":"Done","reason":null,"submittedAt":"21:06 IST"}$relay$::jsonb),
  ('wl-1019', 'NW0001771', 'd-fsgci', '2026-05-21', $relay${"id":"wl-1019","userId":"NW0001771","userName":"Chanakya Meesala","userInitials":"CM","empId":"EMP-2044","dept":"d-fsgci","sub":"Content — Fullstack","date":"2026-05-21","daysAgo":1,"products":["NxtWave"],"stacks":["FS — Python"],"outputCategory":"Testing & Learning Portal Configurations","taskCategory":"Process & Tooling","outputCount":5,"template":{"work":"Built / refined internal tool","tool":"MCQ Generator","impact":"5"},"hours":3,"status":"Done","reason":null,"submittedAt":"19:13 IST"}$relay$::jsonb),
  ('wl-1020', 'NW0001771', 'd-fsgci', '2026-05-21', $relay${"id":"wl-1020","userId":"NW0001771","userName":"Chanakya Meesala","userInitials":"CM","empId":"EMP-2044","dept":"d-fsgci","sub":"Content — Fullstack","date":"2026-05-21","daysAgo":1,"products":["NxtWave"],"stacks":["FS — Python"],"outputCategory":"Industry Upgrade","taskCategory":"Industry Review & Quality Check","outputCount":3,"template":{"course":"English","workflow":"Industry Insight Generator","upgrade":"Patchwork"},"hours":2,"status":"Done","reason":null,"submittedAt":"17:20 IST"}$relay$::jsonb),
  ('wl-1021', 'NW0002526', 'd-fsgci', '2026-05-21', $relay${"id":"wl-1021","userId":"NW0002526","userName":"Pavan Gangireddy","userInitials":"PG","empId":"EMP-2046","dept":"d-fsgci","sub":"Central Ops","date":"2026-05-21","daysAgo":1,"products":["NxtWave"],"stacks":["FS — Java"],"outputCategory":"Stakeholder Request Fulfillment","taskCategory":"Business Requests & Coordination","outputCount":null,"template":{"agenda":"Q3 forecast review","items":"— Hiring gap\n— Mentor capacity","urgency":"Minor"},"hours":3,"status":"Done","reason":null,"submittedAt":"20:27 IST"}$relay$::jsonb),
  ('wl-1022', 'NW0002526', 'd-fsgci', '2026-05-21', $relay${"id":"wl-1022","userId":"NW0002526","userName":"Pavan Gangireddy","userInitials":"PG","empId":"EMP-2046","dept":"d-fsgci","sub":"Central Ops","date":"2026-05-21","daysAgo":1,"products":["NxtWave"],"stacks":["FS — Java"],"outputCategory":"Executive Reporting","taskCategory":"Reporting Analysis","outputCount":null,"template":{"cadence":"Weekly"},"hours":2,"status":"Done","reason":null,"submittedAt":"18:34 IST"}$relay$::jsonb),
  ('wl-1023', 'NW0002849', 'd-aptenglish', '2026-05-21', $relay${"id":"wl-1023","userId":"NW0002849","userName":"Poojitha pachava","userInitials":"PP","empId":"EMP-2001","dept":"d-aptenglish","sub":"Content — Aptitude","date":"2026-05-21","daysAgo":1,"products":["Launchpad","Academy"],"stacks":["Aptitude"],"outputCategory":"Pedagogy Initiative","taskCategory":"Learning Outcome Initiative","outputCount":4,"template":{"initiative":"Adaptive problem ladder","usecase":"DS&Algo cohort 4","impact":"4"},"hours":2.5,"status":"Done","reason":null,"submittedAt":"21:41 IST"}$relay$::jsonb),
  ('wl-1024', 'NW0002849', 'd-aptenglish', '2026-05-21', $relay${"id":"wl-1024","userId":"NW0002849","userName":"Poojitha pachava","userInitials":"PP","empId":"EMP-2001","dept":"d-aptenglish","sub":"Content — Aptitude","date":"2026-05-21","daysAgo":1,"products":["Launchpad"],"stacks":["Aptitude"],"outputCategory":"Content-Assessment Alignment","taskCategory":"Content Creation & Review","outputCount":3,"template":{"course":"DS&Algo","module":"Authentication","topic":"JWT refresh tokens","workflow":"TR Doc Generator","mode":"Review"},"hours":2,"status":"Done","reason":null,"submittedAt":"19:48 IST"}$relay$::jsonb),
  ('wl-1025', 'NW0001240', 'd-aptenglish', '2026-05-21', $relay${"id":"wl-1025","userId":"NW0001240","userName":"Tejaswini Venkata","userInitials":"TV","empId":"EMP-2000","dept":"d-aptenglish","sub":"Content — English","date":"2026-05-21","daysAgo":1,"products":["Launchpad","Academy"],"stacks":["English"],"outputCategory":"TR-Doc","taskCategory":"Content Creation & Review","outputCount":3,"template":{"course":"GenAI","module":"Data Structures","topic":"Linked Lists","workflow":"MCQ Generator","mode":"Creation"},"hours":2,"status":"Done","reason":null,"submittedAt":"17:55 IST"}$relay$::jsonb),
  ('wl-1026', 'NW0001240', 'd-aptenglish', '2026-05-21', $relay${"id":"wl-1026","userId":"NW0001240","userName":"Tejaswini Venkata","userInitials":"TV","empId":"EMP-2000","dept":"d-aptenglish","sub":"Content — English","date":"2026-05-21","daysAgo":1,"products":["Launchpad"],"stacks":["English"],"outputCategory":"Video Session","taskCategory":"Recording & Production","outputCount":3,"template":{"course":"Aptitude","module":"API Design","topic":"Rate limiting","workflow":"Industry Insight Generator","stage":"Review"},"hours":1.5,"status":"Done","reason":null,"submittedAt":"20:02 IST"}$relay$::jsonb),
  ('wl-1027', 'NW0005433', 'd-dsml', '2026-05-21', $relay${"id":"wl-1027","userId":"NW0005433","userName":"Rushikesh Chandrakant Konapure","userInitials":"RK","empId":"EMP-2019","dept":"d-dsml","sub":null,"date":"2026-05-21","daysAgo":1,"products":["NIAT - B2","Academy"],"stacks":["DS/ML"],"outputCategory":"Industry Upgrade","taskCategory":"Industry Review & Quality Check","outputCount":3,"template":{"course":"English","workflow":"Video Production Pipeline","upgrade":"Critical"},"hours":2,"status":"Done","reason":null,"submittedAt":"18:09 IST"}$relay$::jsonb),
  ('wl-1028', 'NW0005433', 'd-dsml', '2026-05-21', $relay${"id":"wl-1028","userId":"NW0005433","userName":"Rushikesh Chandrakant Konapure","userInitials":"RK","empId":"EMP-2019","dept":"d-dsml","sub":null,"date":"2026-05-21","daysAgo":1,"products":["NIAT - B2"],"stacks":["DS/ML"],"outputCategory":"TR-Doc","taskCategory":"Content Creation & Review","outputCount":4,"template":{"course":"Fullstack — Java","module":"RAG Lab","topic":"Vector DB cost","workflow":"Hint Generator","mode":"Creation"},"hours":2.5,"status":"Done","reason":null,"submittedAt":"21:16 IST"}$relay$::jsonb),
  ('wl-1029', 'NW0002023', 'd-dsalgo', '2026-05-21', $relay${"id":"wl-1029","userId":"NW0002023","userName":"Kakarla Venkata Seshasai Pavan Teja","userInitials":"KT","empId":"EMP-2032","dept":"d-dsalgo","sub":null,"date":"2026-05-21","daysAgo":1,"products":["NIAT - B1","Academy"],"stacks":["DSA"],"outputCategory":"Objective Content (Coding Q, MCQs)","taskCategory":"Content Creation & Review","outputCount":6,"template":{"course":"Fullstack — Python","module":"Vocabulary","topic":"Idioms","workflow":"Topic Validator","mode":"Creation"},"hours":4,"status":"Done","reason":null,"submittedAt":"19:23 IST"}$relay$::jsonb),
  ('wl-1030', 'NW0002023', 'd-dsalgo', '2026-05-21', $relay${"id":"wl-1030","userId":"NW0002023","userName":"Kakarla Venkata Seshasai Pavan Teja","userInitials":"KT","empId":"EMP-2032","dept":"d-dsalgo","sub":null,"date":"2026-05-21","daysAgo":1,"products":["NIAT - B1"],"stacks":["DSA"],"outputCategory":"Industry Upgrade","taskCategory":"Industry Review & Quality Check","outputCount":3,"template":{"course":"DS&ML","workflow":"TR Doc Generator","upgrade":"Major"},"hours":1.5,"status":"Blocked","reason":"Heap allocation Central Ops dependency","submittedAt":"17:30 IST"}$relay$::jsonb),
  ('wl-1031', 'NW0001771', 'd-fsgci', '2026-05-20', $relay${"id":"wl-1031","userId":"NW0001771","userName":"Chanakya Meesala","userInitials":"CM","empId":"EMP-2044","dept":"d-fsgci","sub":"Content — Fullstack","date":"2026-05-20","daysAgo":2,"products":["NxtWave"],"stacks":["FS — Python"],"outputCategory":"TR-Doc","taskCategory":"Content Creation & Review","outputCount":5,"template":{"course":"DS&Algo","module":"Concurrency","topic":"Channels","workflow":"MCQ Generator","mode":"Creation"},"hours":3,"status":"Done","reason":null,"submittedAt":"20:37 IST"}$relay$::jsonb),
  ('wl-1032', 'NW0001771', 'd-fsgci', '2026-05-20', $relay${"id":"wl-1032","userId":"NW0001771","userName":"Chanakya Meesala","userInitials":"CM","empId":"EMP-2044","dept":"d-fsgci","sub":"Content — Fullstack","date":"2026-05-20","daysAgo":2,"products":["NxtWave"],"stacks":["FS — Python"],"outputCategory":"Content Issue Resolution","taskCategory":"Content Creation & Review","outputCount":3,"template":{"course":"GenAI","module":"Authentication","topic":"JWT refresh tokens","workflow":"Industry Insight Generator","mode":"Creation"},"hours":2,"status":"Done","reason":null,"submittedAt":"18:44 IST"}$relay$::jsonb),
  ('wl-1033', 'NW0001778', 'd-fsgci', '2026-05-20', $relay${"id":"wl-1033","userId":"NW0001778","userName":"Pushpa Latha Chenna","userInitials":"PC","empId":"EMP-2045","dept":"d-fsgci","sub":"Content — GenAI","date":"2026-05-20","daysAgo":2,"products":["NIAT - B2","Academy"],"stacks":["GenAI"],"outputCategory":"Feedback & Backpropagation","taskCategory":"Process & Tooling","outputCount":3,"template":{"work":"Built / refined internal tool","tool":"Video Production Pipeline","impact":"4"},"hours":2,"status":"Done","reason":null,"submittedAt":"21:51 IST"}$relay$::jsonb),
  ('wl-1034', 'NW0001778', 'd-fsgci', '2026-05-20', $relay${"id":"wl-1034","userId":"NW0001778","userName":"Pushpa Latha Chenna","userInitials":"PC","empId":"EMP-2045","dept":"d-fsgci","sub":"Content — GenAI","date":"2026-05-20","daysAgo":2,"products":["NIAT - B2"],"stacks":["GenAI"],"outputCategory":"Agentic Workflow Initiative, R&D, Tools","taskCategory":"Process & Tooling","outputCount":5,"template":{"work":"Built / refined internal tool","tool":"Hint Generator","impact":"5"},"hours":3,"status":"Done","reason":null,"submittedAt":"19:58 IST"}$relay$::jsonb),
  ('wl-1035', 'NW0001771', 'd-fsgci', '2026-05-20', $relay${"id":"wl-1035","userId":"NW0001771","userName":"Chanakya Meesala","userInitials":"CM","empId":"EMP-2044","dept":"d-fsgci","sub":"Content — Fullstack","date":"2026-05-20","daysAgo":2,"products":["NxtWave"],"stacks":["FS — Python"],"outputCategory":"Industry Upgrade","taskCategory":"Industry Review & Quality Check","outputCount":3,"template":{"course":"Fullstack — Java","workflow":"Topic Validator","upgrade":"Critical"},"hours":2,"status":"Done","reason":null,"submittedAt":"17:05 IST"}$relay$::jsonb),
  ('wl-1036', 'NW0001771', 'd-fsgci', '2026-05-20', $relay${"id":"wl-1036","userId":"NW0001771","userName":"Chanakya Meesala","userInitials":"CM","empId":"EMP-2044","dept":"d-fsgci","sub":"Content — Fullstack","date":"2026-05-20","daysAgo":2,"products":["NxtWave"],"stacks":["FS — Python"],"outputCategory":"Testing & Learning Portal Configurations","taskCategory":"Process & Tooling","outputCount":4,"template":{"work":"Built / refined internal tool","tool":"TR Doc Generator","impact":"2"},"hours":2.5,"status":"Done","reason":null,"submittedAt":"20:12 IST"}$relay$::jsonb),
  ('wl-1037', 'NW0002526', 'd-fsgci', '2026-05-20', $relay${"id":"wl-1037","userId":"NW0002526","userName":"Pavan Gangireddy","userInitials":"PG","empId":"EMP-2046","dept":"d-fsgci","sub":"Central Ops","date":"2026-05-20","daysAgo":2,"products":["NxtWave"],"stacks":["FS — Java"],"outputCategory":"Interviews/Offer roll-out","taskCategory":"Hiring","outputCount":3,"template":{"role":"Sr. Content Engineer","status":"Screened"},"hours":2,"status":"Done","reason":null,"submittedAt":"18:19 IST"}$relay$::jsonb),
  ('wl-1038', 'NW0002526', 'd-fsgci', '2026-05-20', $relay${"id":"wl-1038","userId":"NW0002526","userName":"Pavan Gangireddy","userInitials":"PG","empId":"EMP-2046","dept":"d-fsgci","sub":"Central Ops","date":"2026-05-20","daysAgo":2,"products":["NxtWave"],"stacks":["FS — Java"],"outputCategory":"Stakeholder Request Fulfillment","taskCategory":"Business Requests & Coordination","outputCount":null,"template":{"agenda":"Q3 forecast review","items":"— Hiring gap\n— Mentor capacity","urgency":"Major"},"hours":1.5,"status":"Done","reason":null,"submittedAt":"21:26 IST"}$relay$::jsonb),
  ('wl-1039', 'NW0002849', 'd-aptenglish', '2026-05-20', $relay${"id":"wl-1039","userId":"NW0002849","userName":"Poojitha pachava","userInitials":"PP","empId":"EMP-2001","dept":"d-aptenglish","sub":"Content — Aptitude","date":"2026-05-20","daysAgo":2,"products":["Launchpad","Academy"],"stacks":["Aptitude"],"outputCategory":"Content-Assessment Alignment","taskCategory":"Content Creation & Review","outputCount":5,"template":{"course":"GenAI","module":"Concurrency","topic":"Channels","workflow":"Video Production Pipeline","mode":"Review"},"hours":3,"status":"Done","reason":null,"submittedAt":"19:33 IST"}$relay$::jsonb),
  ('wl-1040', 'NW0001240', 'd-aptenglish', '2026-05-20', $relay${"id":"wl-1040","userId":"NW0001240","userName":"Tejaswini Venkata","userInitials":"TV","empId":"EMP-2000","dept":"d-aptenglish","sub":"Content — English","date":"2026-05-20","daysAgo":2,"products":["Launchpad"],"stacks":["English"],"outputCategory":"Vernacular Content","taskCategory":"Content Creation & Review","outputCount":4,"template":{"course":"Aptitude","module":"Authentication","topic":"JWT refresh tokens","workflow":"Hint Generator","mode":"Creation"},"hours":2.5,"status":"Done","reason":null,"submittedAt":"17:40 IST"}$relay$::jsonb),
  ('wl-1041', 'NW0005433', 'd-dsml', '2026-05-20', $relay${"id":"wl-1041","userId":"NW0005433","userName":"Rushikesh Chandrakant Konapure","userInitials":"RK","empId":"EMP-2019","dept":"d-dsml","sub":null,"date":"2026-05-20","daysAgo":2,"products":["NIAT - B2","Academy"],"stacks":["DS/ML"],"outputCategory":"Upskilling & Learning hours","taskCategory":"Learning Hours","outputCount":2,"template":{"skill":"Vector DBs · self-study","usecase":"Apply to RAG-lab v2"},"hours":1,"status":"Done","reason":null,"submittedAt":"20:47 IST"}$relay$::jsonb),
  ('wl-1042', 'NW0005433', 'd-dsml', '2026-05-20', $relay${"id":"wl-1042","userId":"NW0005433","userName":"Rushikesh Chandrakant Konapure","userInitials":"RK","empId":"EMP-2019","dept":"d-dsml","sub":null,"date":"2026-05-20","daysAgo":2,"products":["NIAT - B2"],"stacks":["DS/ML"],"outputCategory":"Projects","taskCategory":"Content Creation & Review","outputCount":5,"template":{"course":"Fullstack — Java","module":"API Design","topic":"Rate limiting","workflow":"TR Doc Generator","mode":"Review"},"hours":3,"status":"Done","reason":null,"submittedAt":"18:54 IST"}$relay$::jsonb),
  ('wl-1043', 'NW0002023', 'd-dsalgo', '2026-05-20', $relay${"id":"wl-1043","userId":"NW0002023","userName":"Kakarla Venkata Seshasai Pavan Teja","userInitials":"KT","empId":"EMP-2032","dept":"d-dsalgo","sub":null,"date":"2026-05-20","daysAgo":2,"products":["NIAT - B1","Academy"],"stacks":["DSA"],"outputCategory":"Pedagogy Initiative","taskCategory":"Learning Outcome Initiative","outputCount":5,"template":{"initiative":"Adaptive problem ladder","usecase":"DS&Algo cohort 4","impact":"4"},"hours":3,"status":"In-progress","reason":null,"submittedAt":"21:01 IST"}$relay$::jsonb),
  ('wl-1044', 'NW0002023', 'd-dsalgo', '2026-05-20', $relay${"id":"wl-1044","userId":"NW0002023","userName":"Kakarla Venkata Seshasai Pavan Teja","userInitials":"KT","empId":"EMP-2032","dept":"d-dsalgo","sub":null,"date":"2026-05-20","daysAgo":2,"products":["NIAT - B1"],"stacks":["DSA"],"outputCategory":"Industry Upgrade","taskCategory":"Industry Review & Quality Check","outputCount":3,"template":{"course":"DS&ML","workflow":"Industry Insight Generator","upgrade":"Patchwork"},"hours":2,"status":"Blocked","reason":"Heap allocation Central Ops dependency","submittedAt":"19:08 IST"}$relay$::jsonb),
  ('wl-1045', 'NW0001771', 'd-fsgci', '2026-05-19', $relay${"id":"wl-1045","userId":"NW0001771","userName":"Chanakya Meesala","userInitials":"CM","empId":"EMP-2044","dept":"d-fsgci","sub":"Content — Fullstack","date":"2026-05-19","daysAgo":3,"products":["NxtWave"],"stacks":["FS — Python"],"outputCategory":"PPT","taskCategory":"Content Creation & Review","outputCount":3,"template":{"course":"DS&Algo","module":"Vocabulary","topic":"Idioms","workflow":"Video Production Pipeline","mode":"Review"},"hours":2,"status":"Done","reason":null,"submittedAt":"17:15 IST"}$relay$::jsonb),
  ('wl-1046', 'NW0001778', 'd-fsgci', '2026-05-19', $relay${"id":"wl-1046","userId":"NW0001778","userName":"Pushpa Latha Chenna","userInitials":"PC","empId":"EMP-2045","dept":"d-fsgci","sub":"Content — GenAI","date":"2026-05-19","daysAgo":3,"products":["NIAT - B2"],"stacks":["GenAI"],"outputCategory":"Agentic Workflow Initiative, R&D, Tools","taskCategory":"Process & Tooling","outputCount":6,"template":{"work":"Built / refined internal tool","tool":"Hint Generator","impact":"2"},"hours":3.5,"status":"Done","reason":null,"submittedAt":"20:22 IST"}$relay$::jsonb),
  ('wl-1047', 'NW0001771', 'd-fsgci', '2026-05-19', $relay${"id":"wl-1047","userId":"NW0001771","userName":"Chanakya Meesala","userInitials":"CM","empId":"EMP-2044","dept":"d-fsgci","sub":"Content — Fullstack","date":"2026-05-19","daysAgo":3,"products":["NxtWave"],"stacks":["FS — Python"],"outputCategory":"Testing & Learning Portal Configurations","taskCategory":"Process & Tooling","outputCount":7,"template":{"work":"Built / refined internal tool","tool":"Topic Validator","impact":"3"},"hours":4.5,"status":"Done","reason":null,"submittedAt":"18:29 IST"}$relay$::jsonb),
  ('wl-1048', 'NW0002526', 'd-fsgci', '2026-05-19', $relay${"id":"wl-1048","userId":"NW0002526","userName":"Pavan Gangireddy","userInitials":"PG","empId":"EMP-2046","dept":"d-fsgci","sub":"Central Ops","date":"2026-05-19","daysAgo":3,"products":["NxtWave"],"stacks":["FS — Java"],"outputCategory":"Executive Reporting","taskCategory":"Reporting Analysis","outputCount":null,"template":{"cadence":"Weekly"},"hours":2,"status":"Done","reason":null,"submittedAt":"21:36 IST"}$relay$::jsonb),
  ('wl-1049', 'NW0002849', 'd-aptenglish', '2026-05-19', $relay${"id":"wl-1049","userId":"NW0002849","userName":"Poojitha pachava","userInitials":"PP","empId":"EMP-2001","dept":"d-aptenglish","sub":"Content — Aptitude","date":"2026-05-19","daysAgo":3,"products":["Launchpad","Academy"],"stacks":["Aptitude"],"outputCategory":"Objective Content (Coding Q, MCQs)","taskCategory":"Content Creation & Review","outputCount":6,"template":{"course":"Fullstack — Java","module":"Data Structures","topic":"Linked Lists","workflow":"MCQ Generator","mode":"Creation"},"hours":3.5,"status":"Done","reason":null,"submittedAt":"19:43 IST"}$relay$::jsonb),
  ('wl-1050', 'NW0005433', 'd-dsml', '2026-05-19', $relay${"id":"wl-1050","userId":"NW0005433","userName":"Rushikesh Chandrakant Konapure","userInitials":"RK","empId":"EMP-2019","dept":"d-dsml","sub":null,"date":"2026-05-19","daysAgo":3,"products":["NIAT - B2"],"stacks":["DS/ML"],"outputCategory":"TR-Doc","taskCategory":"Content Creation & Review","outputCount":5,"template":{"course":"Fullstack — Python","module":"API Design","topic":"Rate limiting","workflow":"Industry Insight Generator","mode":"Creation"},"hours":3,"status":"Done","reason":null,"submittedAt":"17:50 IST"}$relay$::jsonb),
  ('wl-1051', 'NW0002023', 'd-dsalgo', '2026-05-19', $relay${"id":"wl-1051","userId":"NW0002023","userName":"Kakarla Venkata Seshasai Pavan Teja","userInitials":"KT","empId":"EMP-2032","dept":"d-dsalgo","sub":null,"date":"2026-05-19","daysAgo":3,"products":["NIAT - B1","Academy"],"stacks":["DSA"],"outputCategory":"TR-Doc","taskCategory":"Content Creation & Review","outputCount":6,"template":{"course":"DS&ML","module":"Probability","topic":"Bayes theorem","workflow":"Video Production Pipeline","mode":"Review"},"hours":3.5,"status":"Done","reason":null,"submittedAt":"20:57 IST"}$relay$::jsonb),
  ('wl-1052', 'NW0001771', 'd-fsgci', '2026-05-18', $relay${"id":"wl-1052","userId":"NW0001771","userName":"Chanakya Meesala","userInitials":"CM","empId":"EMP-2044","dept":"d-fsgci","sub":"Content — Fullstack","date":"2026-05-18","daysAgo":4,"products":["NxtWave"],"stacks":["FS — Python"],"outputCategory":"TR-Doc","taskCategory":"Content Creation & Review","outputCount":4,"template":{"course":"DS&Algo","module":"RAG Lab","topic":"Vector DB cost","workflow":"Hint Generator","mode":"Creation"},"hours":2.5,"status":"Done","reason":null,"submittedAt":"18:04 IST"}$relay$::jsonb),
  ('wl-1053', 'NW0001778', 'd-fsgci', '2026-05-18', $relay${"id":"wl-1053","userId":"NW0001778","userName":"Pushpa Latha Chenna","userInitials":"PC","empId":"EMP-2045","dept":"d-fsgci","sub":"Content — GenAI","date":"2026-05-18","daysAgo":4,"products":["NIAT - B2","Academy"],"stacks":["GenAI"],"outputCategory":"Pedagogy Initiative","taskCategory":"Learning Outcome Initiative","outputCount":3,"template":{"initiative":"Adaptive problem ladder","usecase":"DS&Algo cohort 4","impact":"4"},"hours":2,"status":"Done","reason":null,"submittedAt":"21:11 IST"}$relay$::jsonb),
  ('wl-1054', 'NW0001771', 'd-fsgci', '2026-05-18', $relay${"id":"wl-1054","userId":"NW0001771","userName":"Chanakya Meesala","userInitials":"CM","empId":"EMP-2044","dept":"d-fsgci","sub":"Content — Fullstack","date":"2026-05-18","daysAgo":4,"products":["NxtWave"],"stacks":["FS — Python"],"outputCategory":"Industry Upgrade","taskCategory":"Industry Review & Quality Check","outputCount":4,"template":{"course":"Aptitude","workflow":"TR Doc Generator","upgrade":"Major"},"hours":2.5,"status":"Done","reason":null,"submittedAt":"19:18 IST"}$relay$::jsonb),
  ('wl-1055', 'NW0001240', 'd-aptenglish', '2026-05-18', $relay${"id":"wl-1055","userId":"NW0001240","userName":"Tejaswini Venkata","userInitials":"TV","empId":"EMP-2000","dept":"d-aptenglish","sub":"Content — English","date":"2026-05-18","daysAgo":4,"products":["Launchpad","Academy"],"stacks":["English"],"outputCategory":"TR-Doc","taskCategory":"Content Creation & Review","outputCount":3,"template":{"course":"English","module":"Concurrency","topic":"Channels","workflow":"MCQ Generator","mode":"Creation"},"hours":2,"status":"Done","reason":null,"submittedAt":"17:25 IST"}$relay$::jsonb),
  ('wl-1056', 'NW0005433', 'd-dsml', '2026-05-18', $relay${"id":"wl-1056","userId":"NW0005433","userName":"Rushikesh Chandrakant Konapure","userInitials":"RK","empId":"EMP-2019","dept":"d-dsml","sub":null,"date":"2026-05-18","daysAgo":4,"products":["NIAT - B2"],"stacks":["DS/ML"],"outputCategory":"Industry Upgrade","taskCategory":"Industry Review & Quality Check","outputCount":3,"template":{"course":"Fullstack — Java","workflow":"Industry Insight Generator","upgrade":"Patchwork"},"hours":2,"status":"Done","reason":null,"submittedAt":"20:32 IST"}$relay$::jsonb)
on conflict (id) do update set owner_id = excluded.owner_id, dept = excluded.dept, work_date = excluded.work_date, data = excluded.data;

insert into tasks (id, owner_id, dept, status, data) values
  ('t-1', 'NW0001771', 'd-dsalgo', 'SUGGESTED', $relay${"id":"t-1","title":"Resolve heap-allocation limit blocking heap-sort lab","status":"SUGGESTED","reason":"Recurring blocker: cited in DS&Algo reports 3 days running.","sourceReports":["r-1009"],"owner":"NW0001771","dept":"d-dsalgo","created":"2026-05-22","confidence":0.88}$relay$::jsonb),
  ('t-2', 'NW0002526', 'd-dsalgo', 'SUGGESTED', $relay${"id":"t-2","title":"Investigate Pavan Teja missing-report (today)","status":"SUGGESTED","reason":"Data Quality flag: DS&Algo daily report missing today; missing 2 of last 5.","sourceReports":[],"owner":"NW0002526","dept":"d-dsalgo","created":"2026-05-22","confidence":0.75}$relay$::jsonb),
  ('t-3', 'NW-VIJAY-CO', 'd-fsgci', 'SUGGESTED', $relay${"id":"t-3","title":"Address NAT throttle workaround timeline","status":"SUGGESTED","reason":"Blocker on Central Ops report > 72h old; escalation threshold reached.","sourceReports":["r-1003"],"owner":"NW-VIJAY-CO","dept":"d-fsgci","created":"2026-05-22","confidence":0.81}$relay$::jsonb),
  ('t-4', 'NW0002023', 'd-dsalgo', 'SUGGESTED', $relay${"id":"t-4","title":"KPI miss: DS&Algo pass rate 70% vs target 78%","status":"SUGGESTED","reason":"KPI red for 2 consecutive weeks. Suggest curriculum review.","sourceReports":["r-1009"],"owner":"NW0002023","dept":"d-dsalgo","created":"2026-05-22","confidence":0.79}$relay$::jsonb),
  ('t-5', 'NW0002526', 'd-fsgci', 'SUGGESTED', $relay${"id":"t-5","title":"GenAI vector-DB cost over free tier — budget approval","status":"SUGGESTED","reason":"Risk surfaced in GenAI daily report.","sourceReports":["r-1002"],"owner":"NW0002526","dept":"d-fsgci","created":"2026-05-22","confidence":0.72}$relay$::jsonb),
  ('t-6', 'NW0002526', 'd-dsml', 'ACTIVE', $relay${"id":"t-6","title":"Mentor capacity model mismatch: 1:48 actual vs 1:35 planned","status":"ACTIVE","reason":"Approved 2 days ago.","sourceReports":["r-1007"],"owner":"NW0002526","dept":"d-dsml","created":"2026-05-20","confidence":0.84}$relay$::jsonb),
  ('t-7', 'NW-VIJAY-CO', 'd-fsgci', 'ACTIVE', $relay${"id":"t-7","title":"Schema migration unblocking (BE-1442)","status":"ACTIVE","reason":"Manual","sourceReports":["r-1004"],"owner":"NW-VIJAY-CO","dept":"d-fsgci","created":"2026-05-19","confidence":null}$relay$::jsonb),
  ('t-8', 'NW0001240', 'd-aptenglish', 'DONE', $relay${"id":"t-8","title":"English module readability review","status":"DONE","reason":"Manual","sourceReports":["r-1010"],"owner":"NW0001240","dept":"d-aptenglish","created":"2026-05-17","confidence":null}$relay$::jsonb)
on conflict (id) do update set owner_id = excluded.owner_id, dept = excluded.dept, status = excluded.status, data = excluded.data;

insert into flags (id, dept, state, data) values
  ('f-1', 'd-dsalgo', 'open', $relay${"id":"f-1","kind":"missing_reports","severity":"high","title":"DS&Algo missed 2 of last 5 daily reports","detail":"Pavan Teja (DS&Algo) submitted on 2026-05-18, 2026-05-19, 2026-05-21. Missing 2026-05-20 and 2026-05-22.","target":{"type":"sub","id":"Content — DS&Algo","dept":"d-dsalgo"},"created":"2026-05-22","state":"open"}$relay$::jsonb),
  ('f-2', 'd-dsalgo', 'open', $relay${"id":"f-2","kind":"recurring_blocker","severity":"high","title":"Heap-allocation blocker cited 3 days running","detail":"DS&Algo reports r-1009 (and 2 prior) all cite the same Central Ops heap-allocation limit. Suggest escalation to Vijay.","target":{"type":"sub","id":"Content — DS&Algo","dept":"d-dsalgo"},"created":"2026-05-22","state":"open"}$relay$::jsonb),
  ('f-3', NULL, 'open', $relay${"id":"f-3","kind":"low_content","severity":"medium","title":"English report 2026-05-21 has low item detail","detail":"Report r-1006: 3 items, avg 7 words/item, missing \"Plan for tomorrow\". Validation set to PARTIAL.","target":{"type":"report","id":"r-1006"},"created":"2026-05-21","state":"open"}$relay$::jsonb),
  ('f-4', NULL, 'open', $relay${"id":"f-4","kind":"stale_kpi","severity":"medium","title":"Central Ops Uptime KPI not updated in 8 days","detail":"k-3 last value 2026-05-14. Expected weekly. Auto-pulled from Mastersheet — sheet itself appears stale.","target":{"type":"kpi","id":"k-3"},"created":"2026-05-21","state":"open"}$relay$::jsonb),
  ('f-5', 'd-fsgci', 'open', $relay${"id":"f-5","kind":"duplicate","severity":"low","title":"Possible duplicate item across Fullstack/Systems reports","detail":"\"Code-runner memory issue\" cited by both Chanakya and Vijay in last 7 days. Suggest single owner.","target":{"type":"sub","id":"Content — Fullstack","dept":"d-fsgci"},"created":"2026-05-20","state":"open"}$relay$::jsonb),
  ('f-6', 'd-aptenglish', 'snoozed', $relay${"id":"f-6","kind":"low_content","severity":"low","title":"English plan items consistently under-detailed (last 5 days)","detail":"Tejaswini’s plan items avg 9 words. Suggest standard structure.","target":{"type":"sub","id":"Content — English","dept":"d-aptenglish"},"created":"2026-05-20","state":"snoozed"}$relay$::jsonb)
on conflict (id) do update set dept = excluded.dept, state = excluded.state, data = excluded.data;

insert into weekly_comments (id, weekly_id, author_id, data) values
  ('wc-1', 'w-fsgci-21', 'NW0002526', $relay${"id":"wc-1","weeklyId":"w-fsgci-21","itemPath":"Highlights:0","author":"NW0002526","ts":"2026-05-26 10:14 IST","text":"Add the lever — Chanakya flagged Q3 hiring as the unlock. Update for next time."}$relay$::jsonb),
  ('wc-2', 'w-fsgci-21', 'NW0002526', $relay${"id":"wc-2","weeklyId":"w-fsgci-21","itemPath":"Risks:0","author":"NW0002526","ts":"2026-05-26 10:16 IST","text":"Always pair a risk with a specific ask."}$relay$::jsonb),
  ('wc-3', 'w-dsalgo-21', 'NW0002526', $relay${"id":"wc-3","weeklyId":"w-dsalgo-21","itemPath":"Risks:2","author":"NW0002526","ts":"2026-05-26 10:21 IST","text":"Don't auto-generate when input is missing. Re-queue instead."}$relay$::jsonb)
on conflict (id) do update set weekly_id = excluded.weekly_id, author_id = excluded.author_id, data = excluded.data;

insert into moms (id, dept, data) values
  ('mom-1', NULL, $relay${"id":"mom-1","title":"Content Leadership Sync — Q3 Hiring","attendees":["NW0002526","NW0001771","NW0001778","NW0001771","NW0002849","NW0001240"],"date":"2026-05-25","duration":47,"channel":"Teams · Content Leadership","source":"Teams transcript","scribeRun":"run-1214","summary":"Reviewed Q3 hiring forecast. Aligned on +6 mentors for DS&ML cohort 4. Discussed mentor capacity ratio gap (1:48 actual vs 1:35 planned). Decided to bring Q3 hiring forward to next planning cycle.","actionItems":[{"id":"ai-1","text":"Submit Q3 hiring forecast bump (+6 mentors) for approval","owner":"NW0002526","due":"2026-05-29","confidence":0.94,"status":"pending_review"},{"id":"ai-2","text":"Investigate mentor capacity ratio drift","owner":"NW0005433","due":"2026-06-02","confidence":0.88,"status":"approved"},{"id":"ai-3","text":"Draft 1:35 capacity recovery plan","owner":"NW0002023","due":"2026-06-05","confidence":0.71,"status":"pending_review"}]}$relay$::jsonb),
  ('mom-2', NULL, $relay${"id":"mom-2","title":"Platform Sync — NAT throttle + dashboard flicker","attendees":["NW0001771","NW0002526","NW0002526"],"date":"2026-05-24","duration":28,"channel":"Teams · Platform","source":"Teams transcript","scribeRun":"run-1199","summary":"AWS NAT throttle still under TAM investigation. Safari dashboard flicker hotfix shipped. Discussed escalation timeline.","actionItems":[{"id":"ai-4","text":"Escalate NAT throttle to AWS TAM if no resolution by 2026-05-29","owner":"NW0001771","due":"2026-05-29","confidence":0.92,"status":"approved"},{"id":"ai-5","text":"Document Safari hotfix in Codex","owner":"NW0001771","due":"2026-05-27","confidence":0.95,"status":"approved"}]}$relay$::jsonb)
on conflict (id) do update set dept = excluded.dept, data = excluded.data;

insert into engram_interactions (id, agent, user_id, human_action, data) values
  ('eng-1', 'Rollup', 'NW0002526', 'edit', $relay${"id":"eng-1","traceId":"tr-9842","agent":"Rollup","userId":"NW0002526","flow":"weekly_consolidation","ts":"2026-05-25 09:12 IST","action":"edit","inputRef":"WeeklySummary draft w-fsgci-21","draft":"Fullstack velocity at 14 units (target 18) — recovery trajectory still slow.","final":"Fullstack velocity at 14 units (target 18). Chanakya flagged Q3 hiring as primary lever; pulling forward to next planning cycle.","diff":"+ Chanakya flagged Q3 hiring as primary lever; pulling forward to next planning cycle.","reason":"Need to capture the lever, not just the metric."}$relay$::jsonb),
  ('eng-2', 'Rollup', 'NW0002526', 'edit', $relay${"id":"eng-2","traceId":"tr-9843","agent":"Rollup","userId":"NW0002526","flow":"weekly_consolidation","ts":"2026-05-25 09:14 IST","action":"edit","inputRef":"WeeklySummary draft w-fsgci-21 · Risks section","draft":"GenAI vector-DB cost will exceed free tier in 3 weeks.","final":"GenAI vector-DB cost will exceed free tier in 3 weeks. **Ask:** approve $340/mo Pinecone paid tier before week 3.","diff":"+ Ask: approve $340/mo Pinecone paid tier before week 3.","reason":"Always pair a risk with an explicit ask."}$relay$::jsonb),
  ('eng-3', 'Dispatcher', 'NW0001771', 'edit', $relay${"id":"eng-3","traceId":"tr-9810","agent":"Dispatcher","userId":"NW0001771","flow":"mom_actions","ts":"2026-05-24 16:33 IST","action":"edit","inputRef":"MOM 2026-05-24 leadership sync · action item 3","draft":"Investigate Backend reporting gap. Owner: Vijay.","final":"Investigate Backend reporting gap. Owner: Pavan Teja (Backend reports to him). Due: EOW.","diff":"~ Owner: Vijay → Pavan Teja\n+ Due: EOW.","reason":"Wrong owner inference — Dispatcher should follow manager_id, not domain."}$relay$::jsonb),
  ('eng-4', 'Scribe', 'NW0001771', 'accept', $relay${"id":"eng-4","traceId":"tr-9788","agent":"Scribe","userId":"NW0001771","flow":"mom_actions","ts":"2026-05-23 18:02 IST","action":"accept","inputRef":"MOM 2026-05-23 platform sync","draft":"8 action items extracted from 47-min meeting.","final":"8 action items extracted from 47-min meeting.","diff":"(no change)","reason":null}$relay$::jsonb),
  ('eng-5', 'Rollup', 'NW0005433', 'edit', $relay${"id":"eng-5","traceId":"tr-9755","agent":"Rollup","userId":"NW0005433","flow":"weekly_consolidation","ts":"2026-05-22 14:21 IST","action":"edit","inputRef":"WeeklySummary draft w-dsml-21","draft":"Three new classification labs shipped (logistic, decision-tree, SVM).","final":"Three new classification labs shipped (logistic, decision-tree, SVM). **Impact:** ML cohort 4 unblocked from week-6 syllabus.","diff":"+ Impact: ML cohort 4 unblocked from week-6 syllabus.","reason":"Always state the downstream impact, not just the deliverable."}$relay$::jsonb),
  ('eng-6', 'Rollup', 'NW0002526', 'reject', $relay${"id":"eng-6","traceId":"tr-9740","agent":"Rollup","userId":"NW0002526","flow":"weekly_consolidation","ts":"2026-05-22 11:47 IST","action":"reject","inputRef":"WeeklySummary draft w-dsalgo-21","draft":"Today's DS&Algo report is missing — confidence in this draft is reduced (0.62).","final":"(rejected — regenerate after Pavan Teja submits)","diff":"(rejected)","reason":"Don't generate weekly drafts with missing inputs. Wait or re-queue."}$relay$::jsonb),
  ('eng-7', 'Concierge', 'NW0002526', 'accept', $relay${"id":"eng-7","traceId":"tr-9701","agent":"Concierge","userId":"NW0002526","flow":"qa","ts":"2026-05-21 22:14 IST","action":"accept","inputRef":"Q: What blockers are over 3 days old?","draft":"3 citations · confidence 0.88","final":"(accepted)","diff":"(no change)","reason":null}$relay$::jsonb),
  ('eng-8', 'Dispatcher', 'NW0001771', 'edit', $relay${"id":"eng-8","traceId":"tr-9688","agent":"Dispatcher","userId":"NW0001771","flow":"mom_actions","ts":"2026-05-21 19:11 IST","action":"edit","inputRef":"MOM 2026-05-21 content sync · action item 5","draft":"Update Aptitude problem-set difficulty curve.","final":"Update Aptitude problem-set difficulty curve. **Owner:** Prudvi. **Due:** 2026-05-28.","diff":"+ Owner, Due","reason":"Task drafts must include owner and due — Curator rule v3 says so but Dispatcher missed."}$relay$::jsonb),
  ('eng-9', 'Rollup', 'NW0002526', 'edit', $relay${"id":"eng-9","traceId":"tr-9601","agent":"Rollup","userId":"NW0002526","flow":"weekly_consolidation","ts":"2026-05-19 11:30 IST","action":"edit","inputRef":"WeeklySummary draft w-apten-21 · Highlights","draft":"English unit-completion rate +6 pts wow to 88%.","final":"English unit-completion rate +6 pts wow to 88%. **Driver:** Tejaswini's new vocabulary track migration.","diff":"+ Driver: Tejaswini's new vocabulary track migration.","reason":"Attribution matters for highlights — credit the work."}$relay$::jsonb),
  ('eng-10', 'Sentry', 'NW0002526', 'edit', $relay${"id":"eng-10","traceId":"tr-9544","agent":"Sentry","userId":"NW0002526","flow":"escalation","ts":"2026-05-18 06:02 IST","action":"edit","inputRef":"Suggested task: NAT throttle workaround timeline","draft":"P2 priority, owner Vijay.","final":"P1 priority, owner Vijay. Escalate to AWS TAM if no resolution by EOW.","diff":"~ P2 → P1\n+ Escalate to AWS TAM if no resolution by EOW.","reason":"Sentry under-prioritizes uptime issues. Rule: any KPI red >1w gets P1."}$relay$::jsonb)
on conflict (id) do update set agent = excluded.agent, user_id = excluded.user_id, human_action = excluded.human_action, data = excluded.data;

insert into eval_sets (id, agent, data) values
  ('es-1', 'Rollup', $relay${"id":"es-1","agent":"Rollup","version":"v3.2","size":47,"createdAt":"2026-05-25","passRate":0.81,"prevPassRate":0.76,"trend":[0.71,0.73,0.75,0.76,0.78,0.81],"breakdown":{"accept":21,"edit":22,"reject":4},"gates":{"current":"beta","threshold":0.85,"passing":false}}$relay$::jsonb),
  ('es-2', 'Dispatcher', $relay${"id":"es-2","agent":"Dispatcher","version":"v2.1","size":38,"createdAt":"2026-05-25","passRate":0.74,"prevPassRate":0.68,"trend":[0.62,0.65,0.66,0.68,0.71,0.74],"breakdown":{"accept":14,"edit":22,"reject":2},"gates":{"current":"beta","threshold":0.8,"passing":false}}$relay$::jsonb),
  ('es-3', 'Scribe', $relay${"id":"es-3","agent":"Scribe","version":"v4.0","size":62,"createdAt":"2026-05-25","passRate":0.92,"prevPassRate":0.88,"trend":[0.84,0.86,0.87,0.88,0.9,0.92],"breakdown":{"accept":51,"edit":9,"reject":2},"gates":{"current":"prod","threshold":0.85,"passing":true}}$relay$::jsonb),
  ('es-4', 'Concierge', $relay${"id":"es-4","agent":"Concierge","version":"v1.5","size":124,"createdAt":"2026-05-25","passRate":0.88,"prevPassRate":0.85,"trend":[0.8,0.82,0.83,0.85,0.87,0.88],"breakdown":{"accept":102,"edit":18,"reject":4},"gates":{"current":"prod","threshold":0.8,"passing":true}}$relay$::jsonb),
  ('es-5', 'Sentry', $relay${"id":"es-5","agent":"Sentry","version":"v2.0","size":31,"createdAt":"2026-05-25","passRate":0.78,"prevPassRate":0.81,"trend":[0.85,0.84,0.82,0.81,0.8,0.78],"breakdown":{"accept":18,"edit":11,"reject":2},"gates":{"current":"prod","threshold":0.8,"passing":false}}$relay$::jsonb)
on conflict (id) do update set agent = excluded.agent, data = excluded.data;

insert into guideline_proposals (id, agent, data) values
  ('gp-1', 'Rollup', $relay${"id":"gp-1","agent":"Rollup","proposedBy":"Curator","ts":"2026-05-25 06:10 IST","title":"Always pair each Risk with an explicit Ask","rationale":"In the last 7 days, L2/L3 edits added an \"Ask\" to 6 of 8 risk items they reviewed. The pattern is consistent across departments.","currentRule":"Weekly Risks section: state the risk, owner, and ETA.","proposedRule":"Weekly Risks section: state the risk, owner, ETA, **and a specific Ask (resource, decision, or escalation)**.","evidence":["eng-2","eng-3","eng-5"],"state":"pending"}$relay$::jsonb),
  ('gp-2', 'Dispatcher', $relay${"id":"gp-2","agent":"Dispatcher","proposedBy":"Curator","ts":"2026-05-25 06:10 IST","title":"Owner inference must follow manager_id, not domain match","rationale":"Dispatcher matched \"Backend reporting gap\" to Vijay (Central Ops) based on keyword similarity, but the org tree puts Backend under Pavan Teja. Three similar errors this week.","currentRule":"Match action items to people via name → role → domain keywords.","proposedRule":"Match action items to people via **explicit name first, then employee.manager_id of the mentioned sub-team, then domain keywords as fallback only**.","evidence":["eng-3"],"state":"pending"}$relay$::jsonb),
  ('gp-3', 'Rollup', $relay${"id":"gp-3","agent":"Rollup","proposedBy":"Curator","ts":"2026-05-25 06:10 IST","title":"Highlights must credit the driver","rationale":"L2 edits consistently add attribution to highlight items. Pattern detected in 4 of 5 recent Highlights edits.","currentRule":"Highlights: 1–2 sentences, factual.","proposedRule":"Highlights: 1–2 sentences, factual, **and credit the person or sub-team driving the result when known**.","evidence":["eng-9"],"state":"pending"}$relay$::jsonb),
  ('gp-4', 'Sentry', $relay${"id":"gp-4","agent":"Sentry","proposedBy":"Curator","ts":"2026-05-24 06:10 IST","title":"KPI red > 1 week auto-escalates to P1","rationale":"Sentry suggested P2 for the NAT-throttle task; Pavan G overrode to P1 with the rule \"any KPI red > 1w gets P1\". Same override pattern seen twice in May.","currentRule":"Suggested-task priority = severity × reach.","proposedRule":"Suggested-task priority = severity × reach, **with a floor of P1 if the linked KPI has been red for > 7 days**.","evidence":["eng-10"],"state":"approved","decidedBy":"NW0005116","decidedAt":"2026-05-24 14:22 IST"}$relay$::jsonb),
  ('gp-5', 'Rollup', $relay${"id":"gp-5","agent":"Rollup","proposedBy":"Curator","ts":"2026-05-22 06:10 IST","title":"Skip draft generation if input set is incomplete","rationale":"Rejected drafts for missing-input weeks waste tokens and trigger false-confidence flags. Pavan G rejected w-dsalgo-21 explicitly for this reason.","currentRule":"Generate weekly draft every Monday 06:00 regardless of input completeness.","proposedRule":"Generate weekly draft when **≥ 80% of expected daily reports are present**; else queue with note.","evidence":["eng-6"],"state":"pending"}$relay$::jsonb)
on conflict (id) do update set agent = excluded.agent, data = excluded.data;

insert into farm_agents (id, owner_id, data) values
  ('fa-1', 'NW0001771', $relay${"id":"fa-1","name":"TR-Doc Generator","owner":"NW0001771","description":"Generates Technical Reference doc skeletons from a topic outline. Cuts content-creation time by ~40%.","level":"L1","scope":"sub","deployUrl":"https://relay.nxtwave.io/agents/tr-doc","health":"ok","tags":["content","fullstack"],"stack":"Claude Sonnet · LangGraph","usage":{"period":"May 2026","unitsProcessed":47,"agentTime":14.5},"gains":{"baselineHrsPerUnit":1.5,"agentHrsPerUnit":0.6,"hoursSaved":42.3},"createdAt":"2026-04-12"}$relay$::jsonb),
  ('fa-2', 'NW0002849', $relay${"id":"fa-2","name":"MCQ Generator","owner":"NW0002849","description":"Generates objective questions (MCQ + coding-style) from a topic + difficulty curve.","level":"L2","scope":"sub","deployUrl":"https://relay.nxtwave.io/agents/mcq-gen","health":"ok","tags":["content","aptitude"],"stack":"Claude Haiku · routed via gateway","usage":{"period":"May 2026","unitsProcessed":312,"agentTime":22},"gains":{"baselineHrsPerUnit":0.4,"agentHrsPerUnit":0.07,"hoursSaved":103},"createdAt":"2026-03-08"}$relay$::jsonb),
  ('fa-3', 'NW0001771', $relay${"id":"fa-3","name":"Industry Insight Generator","owner":"NW0001771","description":"Scrapes industry news, distills 5 weekly insights per stack, drafts an internal newsletter.","level":"L2","scope":"dept","deployUrl":"https://relay.nxtwave.io/agents/insight","health":"warning","tags":["research","industry"],"stack":"Sonnet + Perplexity API","usage":{"period":"May 2026","unitsProcessed":18,"agentTime":9},"gains":{"baselineHrsPerUnit":2,"agentHrsPerUnit":0.5,"hoursSaved":27},"createdAt":"2026-02-22","note":"Perplexity rate-limit at 80% this month."}$relay$::jsonb),
  ('fa-4', 'NW0001778', $relay${"id":"fa-4","name":"Video Production Pipeline","owner":"NW0001778","description":"Drafts video scripts from a topic, generates captions, queues for the recording slot.","level":"L1","scope":"sub","deployUrl":"https://relay.nxtwave.io/agents/video","health":"ok","tags":["content","video"],"stack":"Sonnet + Whisper","usage":{"period":"May 2026","unitsProcessed":24,"agentTime":7.2},"gains":{"baselineHrsPerUnit":1.2,"agentHrsPerUnit":0.3,"hoursSaved":21.6},"createdAt":"2026-04-30"}$relay$::jsonb),
  ('fa-5', 'NW0002023', $relay${"id":"fa-5","name":"Hint Generator","owner":"NW0002023","description":"Generates progressive hints for DS&Algo problems. Hint quality auto-evaluated against rubric.","level":"L0","scope":"sub","deployUrl":"https://relay.nxtwave.io/agents/hint","health":"ok","tags":["ds-algo","pedagogy"],"stack":"Haiku · DSPy-optimized","usage":{"period":"May 2026","unitsProcessed":188,"agentTime":6.3},"gains":{"baselineHrsPerUnit":0.25,"agentHrsPerUnit":0.033,"hoursSaved":40.7},"createdAt":"2026-01-15"}$relay$::jsonb),
  ('fa-6', 'NW0005433', $relay${"id":"fa-6","name":"Topic Validator","owner":"NW0005433","description":"Cross-checks new curriculum topics against industry job postings to validate relevance.","level":"L1","scope":"dept","deployUrl":"https://relay.nxtwave.io/agents/validator","health":"ok","tags":["research","ds-ml"],"stack":"Sonnet + LinkedIn scrape","usage":{"period":"May 2026","unitsProcessed":32,"agentTime":4.8},"gains":{"baselineHrsPerUnit":1,"agentHrsPerUnit":0.15,"hoursSaved":27.2},"createdAt":"2026-03-19"}$relay$::jsonb),
  ('fa-7', 'NW0002526', $relay${"id":"fa-7","name":"Stakeholder Brief Composer","owner":"NW0002526","description":"Composes a brief from Slack threads + meeting MOMs for any stakeholder ask.","level":"L1","scope":"dept","deployUrl":"https://relay.nxtwave.io/agents/brief","health":"ok","tags":["ops","central"],"stack":"Sonnet · LangGraph","usage":{"period":"May 2026","unitsProcessed":14,"agentTime":3.5},"gains":{"baselineHrsPerUnit":1.5,"agentHrsPerUnit":0.25,"hoursSaved":17.5},"createdAt":"2026-04-04"}$relay$::jsonb),
  ('fa-8', 'NW0001240', $relay${"id":"fa-8","name":"Vernacular Translator","owner":"NW0001240","description":"Translates English curriculum content into Hindi & Telugu with pedagogical preservation.","level":"L0","scope":"sub","deployUrl":"https://relay.nxtwave.io/agents/vernacular","health":"idle","tags":["content","english","i18n"],"stack":"Sonnet","usage":{"period":"May 2026","unitsProcessed":6,"agentTime":2.4},"gains":{"baselineHrsPerUnit":2.5,"agentHrsPerUnit":0.4,"hoursSaved":12.6},"createdAt":"2026-05-12"}$relay$::jsonb)
on conflict (id) do update set owner_id = excluded.owner_id, data = excluded.data;

insert into relay_agents (id, data) values
  ('r-scribe', $relay${"id":"r-scribe","name":"Scribe","job":"Extract action items from a MOM","trigger":"New MOM uploaded","autonomy":"L0","owner":"NW0005116","health":"ok","lastRun":"2026-05-26 11:14 IST","costPerRun":0.024,"runsToday":7,"model":"claude-sonnet-4-6"}$relay$::jsonb),
  ('r-dispatcher', $relay${"id":"r-dispatcher","name":"Dispatcher","job":"Match items to people, draft tasks","trigger":"After Scribe","autonomy":"L1","owner":"NW0005116","health":"warning","lastRun":"2026-05-26 11:15 IST","costPerRun":0.012,"runsToday":7,"model":"claude-haiku-4-5","note":"Owner inference accuracy below threshold this week."}$relay$::jsonb),
  ('r-cartographer', $relay${"id":"r-cartographer","name":"Cartographer","job":"Build & maintain the memory graph","trigger":"After Scribe + nightly","autonomy":"L2","owner":"NW0005116","health":"ok","lastRun":"2026-05-26 02:00 IST","costPerRun":0.008,"runsToday":12,"model":"claude-haiku-4-5"}$relay$::jsonb),
  ('r-concierge', $relay${"id":"r-concierge","name":"Concierge","job":"Chat — how-to, feedback, Second Brain query","trigger":"User opens chat","autonomy":"L2","owner":"NW0005116","health":"ok","lastRun":"2026-05-26 11:32 IST","costPerRun":0.018,"runsToday":43,"model":"claude-sonnet-4-6"}$relay$::jsonb),
  ('r-nudge', $relay${"id":"r-nudge","name":"Nudge","job":"Chase missing daily reports via Teams","trigger":"Daily 22:00 + Admin manual","autonomy":"L2","owner":"NW0006025","health":"ok","lastRun":"2026-05-25 22:00 IST","costPerRun":0.0014,"runsToday":1,"model":"claude-haiku-4-5"}$relay$::jsonb),
  ('r-rollup', $relay${"id":"r-rollup","name":"Rollup","job":"Derive weekly reports","trigger":"Mon 06:00 IST","autonomy":"L1","owner":"NW0005116","health":"warning","lastRun":"2026-05-25 06:02 IST","costPerRun":0.078,"runsToday":0,"model":"claude-sonnet-4-6","note":"DS&Algo confidence 0.62 — flagged."}$relay$::jsonb),
  ('r-ledger', $relay${"id":"r-ledger","name":"Ledger","job":"Compile monthly worklogs","trigger":"1st of month 07:00","autonomy":"L0","owner":"NW0005116","health":"idle","lastRun":"2026-05-01 07:00 IST","costPerRun":0.14,"runsToday":0,"model":"claude-sonnet-4-6"}$relay$::jsonb),
  ('r-bursar', $relay${"id":"r-bursar","name":"Bursar","job":"Pull tool spend, parse invoices, attribute cost","trigger":"Daily 04:00 + invoice","autonomy":"L2","owner":"NW0005116","health":"ok","lastRun":"2026-05-26 04:01 IST","costPerRun":0.003,"runsToday":1,"model":"claude-haiku-4-5"}$relay$::jsonb),
  ('r-curator', $relay${"id":"r-curator","name":"Curator","job":"Cluster Engram corrections, propose guideline edits","trigger":"Weekly Sun 22:00","autonomy":"L0","owner":"NW0005116","health":"ok","lastRun":"2026-05-24 22:00 IST","costPerRun":0.062,"runsToday":0,"model":"claude-sonnet-4-6"}$relay$::jsonb),
  ('r-sentry', $relay${"id":"r-sentry","name":"Sentry","job":"Surface blocked + overdue tasks","trigger":"Continuous (5-min)","autonomy":"L2","owner":"NW0005116","health":"ok","lastRun":"2026-05-26 11:30 IST","costPerRun":0,"runsToday":288,"model":"deterministic"}$relay$::jsonb),
  ('r-quartermaster', $relay${"id":"r-quartermaster","name":"Quartermaster","job":"Draft Agent Farm cards, flag dead links","trigger":"On register + weekly","autonomy":"L0","owner":"NW0005116","health":"ok","lastRun":"2026-05-25 09:15 IST","costPerRun":0.011,"runsToday":0,"model":"claude-haiku-4-5"}$relay$::jsonb),
  ('r-meter', $relay${"id":"r-meter","name":"Meter","job":"Log tokens + cost per LLM call","trigger":"Every LLM call","autonomy":"sys","owner":"NW0005116","health":"ok","lastRun":"2026-05-26 11:32 IST","costPerRun":0,"runsToday":412,"model":"service"}$relay$::jsonb),
  ('r-briefer', $relay${"id":"r-briefer","name":"Briefer","job":"Compile monthly check-in brief per L2","trigger":"1st of month","autonomy":"L0","owner":"NW0005116","health":"idle","lastRun":"2026-05-01 08:00 IST","costPerRun":0.085,"runsToday":0,"model":"claude-sonnet-4-6"}$relay$::jsonb)
on conflict (id) do update set data = excluded.data;

insert into codex_workflows (id, data) values
  ('wf-daily', $relay${"id":"wf-daily","name":"Daily report flow","trigger":"17:00 IST + 22:00 nudge","agents":["Nudge","Concierge","Scribe (form)"],"outputs":["daily_reports"],"version":"v4"}$relay$::jsonb),
  ('wf-weekly', $relay${"id":"wf-weekly","name":"Weekly rollup flow","trigger":"Mon 06:00 IST","agents":["Rollup"],"outputs":["weekly_reports"],"version":"v3"}$relay$::jsonb),
  ('wf-monthly', $relay${"id":"wf-monthly","name":"Monthly worklog flow","trigger":"1st of month","agents":["Ledger","Briefer"],"outputs":["monthly_worklogs","checkin_briefs"],"version":"v2"}$relay$::jsonb),
  ('wf-mom', $relay${"id":"wf-mom","name":"MOM → tasks flow","trigger":"New MOM uploaded","agents":["Scribe","Dispatcher","Cartographer"],"outputs":["action_items","tasks","graph_nodes"],"version":"v3"}$relay$::jsonb),
  ('wf-nudge', $relay${"id":"wf-nudge","name":"Missing-report nudge","trigger":"Daily 22:00 IST","agents":["Nudge"],"outputs":["notifications"],"version":"v2"}$relay$::jsonb),
  ('wf-expense', $relay${"id":"wf-expense","name":"Tool expense flow","trigger":"Daily 04:00 + invoice","agents":["Bursar","Meter"],"outputs":["cost_ledger","anomaly_flags"],"version":"v1"}$relay$::jsonb),
  ('wf-eval', $relay${"id":"wf-eval","name":"Eval-gated promotion","trigger":"Guideline approved","agents":["(no LLM — runner)"],"outputs":["eval_sets","promotion_decisions"],"version":"v2"}$relay$::jsonb),
  ('wf-guide', $relay${"id":"wf-guide","name":"Guideline evolution","trigger":"Weekly Sun 22:00","agents":["Curator"],"outputs":["guideline_proposals"],"version":"v3"}$relay$::jsonb)
on conflict (id) do update set data = excluded.data;

insert into codex_guidelines (id, data) values
  ('gl-daily', $relay${"id":"gl-daily","name":"Daily Report SOP","version":"v6","updated":"2026-05-24","updatedBy":"NW0005116","source":"Curator proposal gp-4","summary":"Every reporter logs by 22:00 IST with Product-Audience, Stack, Output Category, Course/Module/Topic, Hours, Status, Agent workflow used."}$relay$::jsonb),
  ('gl-weekly', $relay${"id":"gl-weekly","name":"Weekly Report Guidelines","version":"v4","updated":"2026-05-24","updatedBy":"NW0005116","source":"Curator proposal gp-1","summary":"Structure by Product-Audience × Output × Stack matrix. Risks always paired with an explicit Ask. Highlights credit the driver. Generate only when ≥80% of inputs present."}$relay$::jsonb),
  ('gl-task', $relay${"id":"gl-task","name":"Task Format Guidelines","version":"v3","updated":"2026-05-22","updatedBy":"NW0002526","source":"Manual edit","summary":"Every task has owner, due date, source (mom/manual/derived/ticket/checkin). No priority field — status only (In-Progress/Done/Blocked/Overdue)."}$relay$::jsonb),
  ('gl-metric', $relay${"id":"gl-metric","name":"Metric Map","version":"v2","updated":"2026-05-18","updatedBy":"NW0005116","source":"Manual edit","summary":"Output Category → Task Category → Activity Category → Metric Category. Used by Dispatcher to bucket items and by Ledger to compute monthly worklog rollups."}$relay$::jsonb),
  ('gl-econ', $relay${"id":"gl-econ","name":"Unit Economics","version":"v1","updated":"2026-05-12","updatedBy":"NW0005116","source":"Manual edit","summary":"Baseline hours-per-unit by output category. Drives Agentic Gains math. Reviewed monthly."}$relay$::jsonb)
on conflict (id) do update set data = excluded.data;

insert into ai_runs (id, agent, data) values
  ('run-1101', 'ReportIntake', $relay${"id":"run-1101","agent":"ReportIntake","model":"claude-haiku-4-5","latencyMs":412,"tokensIn":1240,"tokensOut":318,"costUsd":0.0021,"outcome":"OK","ts":"2026-05-22 09:08 IST","scopeHash":"7a1f…3e","input":"Sheet row: 2026-05-22 / Fullstack / Chanakya","output":"{\"items\":[{\"kind\":\"done\", ...}], \"warnings\":[]}"}$relay$::jsonb),
  ('run-1100', 'ReportIntake', $relay${"id":"run-1100","agent":"ReportIntake","model":"claude-haiku-4-5","latencyMs":388,"tokensIn":980,"tokensOut":240,"costUsd":0.0016,"outcome":"PARTIAL","ts":"2026-05-22 09:08 IST","scopeHash":"7a1f…3e","input":"Sheet row: 2026-05-21 / English / Tejaswini","output":"{\"items\":[...], \"warnings\":[\"plan_missing\"]}"}$relay$::jsonb),
  ('run-1099', 'DataQuality', $relay${"id":"run-1099","agent":"DataQuality","model":"claude-haiku-4-5","latencyMs":1820,"tokensIn":4200,"tokensOut":612,"costUsd":0.0073,"outcome":"OK","ts":"2026-05-22 07:30 IST","scopeHash":"all","input":"Nightly scan: last 7 days","output":"6 flags generated (2 high, 2 medium, 2 low)"}$relay$::jsonb),
  ('run-1098', 'WeeklyConsolidation', $relay${"id":"run-1098","agent":"WeeklyConsolidation","model":"claude-sonnet-4-6","latencyMs":8420,"tokensIn":11240,"tokensOut":1820,"costUsd":0.062,"outcome":"OK","ts":"2026-05-22 06:04 IST","scopeHash":"d-dsalgo","input":"Week of 2026-05-18, dept=DS&Algo, reports=5","output":"WeeklySummary w-dsalgo-21 draft generated (1 highlight, 3 risks)"}$relay$::jsonb),
  ('run-1097', 'WeeklyConsolidation', $relay${"id":"run-1097","agent":"WeeklyConsolidation","model":"claude-sonnet-4-6","latencyMs":9120,"tokensIn":13880,"tokensOut":2110,"costUsd":0.078,"outcome":"OK","ts":"2026-05-22 06:02 IST","scopeHash":"d-fsgci","input":"Week of 2026-05-18, dept=FS,GenAI&CO, reports=22","output":"WeeklySummary w-fsgci-21 draft generated"}$relay$::jsonb),
  ('run-1096', 'Escalation', $relay${"id":"run-1096","agent":"Escalation","model":"deterministic","latencyMs":142,"tokensIn":0,"tokensOut":0,"costUsd":0,"outcome":"OK","ts":"2026-05-22 06:00 IST","scopeHash":"all","input":"Scan: blockers > 72h, KPIs red 2w","output":"5 tasks suggested"}$relay$::jsonb),
  ('run-1095', 'CopilotQA', $relay${"id":"run-1095","agent":"CopilotQA","model":"claude-sonnet-4-6","latencyMs":2310,"tokensIn":3210,"tokensOut":420,"costUsd":0.018,"outcome":"OK","ts":"2026-05-21 22:14 IST","scopeHash":"NW0002526","input":"Q: \"What blockers are over 3 days old?\"","output":"3 citations, confidence 0.88"}$relay$::jsonb),
  ('run-1094', 'ReportIntake', $relay${"id":"run-1094","agent":"ReportIntake","model":"claude-haiku-4-5","latencyMs":401,"tokensIn":1100,"tokensOut":290,"costUsd":0.0019,"outcome":"OK","ts":"2026-05-21 23:31 IST","scopeHash":"7a1f…3e","input":"Sheet row: 2026-05-21 / DS&Algo / Pavan Teja","output":"{\"items\":[...blocker:true...]}"}$relay$::jsonb),
  ('run-1093', 'MonthlyCheckIn', $relay${"id":"run-1093","agent":"MonthlyCheckIn","model":"claude-sonnet-4-6","latencyMs":14200,"tokensIn":26100,"tokensOut":3400,"costUsd":0.14,"outcome":"OK","ts":"2026-05-01 07:00 IST","scopeHash":"all","input":"Month of April 2026","output":"MonthlyCheckIn m-apr-26 draft + 4 carry-forward tasks"}$relay$::jsonb)
on conflict (id) do update set agent = excluded.agent, data = excluded.data;

insert into activity (id, data) values
  ('act-1', $relay${"id":"act-1","kind":"agent","ts":"09:08","text":"ReportIntake parsed 7 of 8 rows from daily-reports-2026-05-22 (DS&Algo missing).","icon":"⚙"}$relay$::jsonb),
  ('act-2', $relay${"id":"act-2","kind":"flag","ts":"07:30","text":"DataQuality raised 6 new flags (2 high)","icon":"⚑"}$relay$::jsonb),
  ('act-3', $relay${"id":"act-3","kind":"draft","ts":"06:04","text":"Weekly draft generated: DS&Algo (confidence 0.62)","icon":"✎"}$relay$::jsonb),
  ('act-4', $relay${"id":"act-4","kind":"draft","ts":"06:03","text":"Weekly draft generated: DS&ML (confidence 0.78)","icon":"✎"}$relay$::jsonb),
  ('act-5', $relay${"id":"act-5","kind":"draft","ts":"06:02","text":"Weekly draft generated: Content — FS, GenAI & CO (confidence 0.84)","icon":"✎"}$relay$::jsonb),
  ('act-6', $relay${"id":"act-6","kind":"task","ts":"06:00","text":"Escalation agent suggested 5 tasks","icon":"▲"}$relay$::jsonb),
  ('act-7', $relay${"id":"act-7","kind":"publish","ts":"yest","text":"Pavan G published Weekly: Content — Aptitude & English","icon":"↗"}$relay$::jsonb)
on conflict (id) do update set data = excluded.data;

insert into expense_doc (id, data) values ('current', $relay${"monthlyBudgetUsd":30000,"byTool":[{"id":"t-openrouter","tool":"OpenRouter API","mtdUsd":6420.5,"lastMonth":5240,"share":0.42},{"id":"t-anthropic","tool":"Anthropic Team","mtdUsd":4180,"lastMonth":3960,"share":0.28},{"id":"t-perplexity","tool":"Perplexity Pro","mtdUsd":1620,"lastMonth":1480,"share":0.1},{"id":"t-openai","tool":"OpenAI Team","mtdUsd":1240,"lastMonth":1180,"share":0.08},{"id":"t-pinecone","tool":"Pinecone","mtdUsd":980,"lastMonth":720,"share":0.06},{"id":"t-whisper","tool":"Whisper API","mtdUsd":420,"lastMonth":380,"share":0.03},{"id":"t-misc","tool":"Other tooling","mtdUsd":480,"lastMonth":360,"share":0.03}],"byPerson":[{"userId":"NW0001778","mtdUsd":3210,"tokens":14200000,"anomaly":false},{"userId":"NW0001771","mtdUsd":2870,"tokens":11800000,"anomaly":true,"anomalyNote":"+38% wow — Insight Generator rate-limited Perplexity"},{"userId":"NW0001771","mtdUsd":2410,"tokens":10400000,"anomaly":false},{"userId":"NW0005433","mtdUsd":2010,"tokens":8900000,"anomaly":false},{"userId":"NW0002849","mtdUsd":1640,"tokens":7100000,"anomaly":false},{"userId":"NW0002023","mtdUsd":1480,"tokens":6300000,"anomaly":false},{"userId":"NW0001240","mtdUsd":870,"tokens":3700000,"anomaly":false},{"userId":"NW0002526","mtdUsd":720,"tokens":3100000,"anomaly":false},{"userId":"NW0006025","mtdUsd":660,"tokens":2800000,"anomaly":false},{"userId":"NW0002526","mtdUsd":480,"tokens":1900000,"anomaly":false},{"userId":"NW0005116","mtdUsd":410,"tokens":1700000,"anomaly":false},{"userId":"NW0003056","mtdUsd":380,"tokens":1600000,"anomaly":false},{"userId":"NW0003057","mtdUsd":220,"tokens":900000,"anomaly":false}],"monthlyTrend":[{"month":"Dec 25","usd":8420},{"month":"Jan 26","usd":9810},{"month":"Feb 26","usd":11200},{"month":"Mar 26","usd":12640},{"month":"Apr 26","usd":13360},{"month":"May 26 (mtd)","usd":15340}]}$relay$::jsonb) on conflict (id) do update set data = excluded.data;
insert into app_docs (key, data) values ('report_authors', $relay$[{"id":"NW0001240","name":"Tejaswini Venkata","initials":"TV","role":"L2","level":"L2","dept":"d-aptenglish","sub":"Content — English","title":"L2 · Content — English","managerId":"NW0002526"},{"id":"NW0002849","name":"Poojitha pachava","initials":"PP","role":"L2","level":"L2","dept":"d-aptenglish","sub":"Content — Aptitude","title":"L2 · Content — Aptitude","managerId":"NW0002526"},{"id":"NW0003323","name":"Sai Krishna Chakradhar Pasupuleti","initials":"SP","role":"L1","level":"L1","dept":"d-aptenglish","sub":"Content — Aptitude","title":"L1 · Content — Aptitude","managerId":"NW0002849"},{"id":"NW0003881","name":"Renna Fathima","initials":"RF","role":"L1","level":"L1","dept":"d-aptenglish","sub":"Content — English","title":"L1 · Content — English","managerId":"NW0001240"},{"id":"NW0004107","name":"Sannamuri Sri Naga Poojitha","initials":"SP","role":"L1","level":"L1","dept":"d-aptenglish","sub":"Content — English","title":"L1 · Content — English","managerId":"NW0001240"},{"id":"NW0004629","name":"Paturi Vivek","initials":"PV","role":"L1","level":"L1","dept":"d-aptenglish","sub":"Content — Aptitude","title":"L1 · Content — Aptitude","managerId":"NW0002849"},{"id":"NW0004661","name":"Vivek Vijayan","initials":"VV","role":"L1","level":"L1","dept":"d-aptenglish","sub":"Assessment Intelligence","title":"L1 · Assessment Intelligence","managerId":"NW0001240"},{"id":"NW0004785","name":"Manish Boosa","initials":"MB","role":"L1","level":"L1","dept":"d-aptenglish","sub":"Content — Aptitude","title":"L1 · Content — Aptitude","managerId":"NW0002849"},{"id":"NW0004831","name":"Jithendra Venkata Sai Bonam","initials":"JB","role":"L1","level":"L1","dept":"d-aptenglish","sub":"Assessment Intelligence","title":"L1 · Assessment Intelligence","managerId":"NW0001240"},{"id":"NW0004881","name":"Mariyam Khan","initials":"MK","role":"L1","level":"L1","dept":"d-aptenglish","sub":"Content — English","title":"L1 · Content — English","managerId":"NW0001240"},{"id":"NW0004998","name":"Pinisetti Srinivas","initials":"PS","role":"L1","level":"L1","dept":"d-aptenglish","sub":"Content — Aptitude","title":"L1 · Content — Aptitude","managerId":"NW0002849"},{"id":"NW0005042","name":"Thadigiri Prem Deep","initials":"TD","role":"L1","level":"L1","dept":"d-aptenglish","sub":"Content — English","title":"L1 · Content — English","managerId":"NW0001240"},{"id":"NW0005117","name":"Viswanadh Pinisetti","initials":"VP","role":"L1","level":"L1","dept":"d-aptenglish","sub":"Assessment Intelligence","title":"L1 · Assessment Intelligence","managerId":"NW0001240"},{"id":"NW0005886","name":"Namitha Mohasin","initials":"NM","role":"L1","level":"L1","dept":"d-aptenglish","sub":"Assessment Intelligence","title":"L1 · Assessment Intelligence","managerId":"NW0001240"},{"id":"NW0006195","name":"Pratik Bhattacharjee","initials":"PB","role":"L1","level":"L1","dept":"d-aptenglish","sub":null,"title":"L1 · Content — Aptitude & English","managerId":"NW0001240"},{"id":"NW0001429","name":"Sreenu Gampala","initials":"SG","role":"L1","level":"L1","dept":"d-dsml","sub":null,"title":"L1 · Content — DS&ML","managerId":"NW0005433"},{"id":"NW0003727","name":"Alka Kumari","initials":"AK","role":"L1","level":"L1","dept":"d-dsml","sub":null,"title":"L1 · Content — DS&ML","managerId":"NW0005433"},{"id":"NW0004593","name":"Srutthi Sri G","initials":"SG","role":"L1","level":"L1","dept":"d-dsml","sub":null,"title":"L1 · Content — DS&ML","managerId":"NW0005433"},{"id":"NW0005113","name":"Kompella Sai Manvish","initials":"KM","role":"L1","level":"L1","dept":"d-dsml","sub":null,"title":"L1 · Content — DS&ML","managerId":"NW0005433"},{"id":"NW0005433","name":"Rushikesh Chandrakant Konapure","initials":"RK","role":"L2","level":"L2","dept":"d-dsml","sub":null,"title":"L2 · Content — DS&ML","managerId":"NW0002526"},{"id":"NW0005962","name":"Kavya Bhemana","initials":"KB","role":"L1","level":"L1","dept":"d-dsml","sub":null,"title":"L1 · Content — DS&ML","managerId":"NW0005433"},{"id":"NW0006145","name":"Aditya Singh","initials":"AS","role":"L1","level":"L1","dept":"d-dsml","sub":null,"title":"L1 · Content — DS&ML","managerId":"NW0005433"},{"id":"NW0006190","name":"Nangunoori Chandu","initials":"NC","role":"L1","level":"L1","dept":"d-dsml","sub":null,"title":"L1 · Content — DS&ML","managerId":"NW0005433"},{"id":"NW0006237","name":"Tejeswara Rao N","initials":"TN","role":"L1","level":"L1","dept":"d-dsml","sub":null,"title":"L1 · Content — DS&ML","managerId":"NW0005433"},{"id":"NW1005903","name":"Lavanya Sri Rentala","initials":"LR","role":"L1","level":"L1","dept":"d-dsml","sub":null,"title":"L1 · Content — DS&ML","managerId":"NW0005433"},{"id":"NW1006863","name":"Manoj kumar Damsalapudi","initials":"MD","role":"L1","level":"L1","dept":"d-dsml","sub":null,"title":"L1 · Content — DS&ML","managerId":"NW0005433"},{"id":"NW0000374","name":"Dilip Kumar Bhogi","initials":"DB","role":"L1","level":"L1","dept":"d-dsalgo","sub":null,"title":"L1 · Content — DS&Algo","managerId":"NW0002023"},{"id":"NW0005991","name":"Anshul Jitendra Barahate","initials":"AB","role":"L1","level":"L1","dept":"d-dsalgo","sub":null,"title":"L1 · Content — DS&Algo","managerId":"NW0002023"},{"id":"NW0005864","name":"Jashwanth Dandu","initials":"JD","role":"L1","level":"L1","dept":"d-dsalgo","sub":null,"title":"L1 · Content — DS&Algo","managerId":"NW0002023"},{"id":"NW0003492","name":"Rishap Kumar","initials":"RK","role":"L1","level":"L1","dept":"d-dsalgo","sub":null,"title":"L1 · Content — DS&Algo","managerId":"NW0002023"},{"id":"NW0005863","name":"Tushar Agarwal","initials":"TA","role":"L1","level":"L1","dept":"d-dsalgo","sub":null,"title":"L1 · Content — DS&Algo","managerId":"NW0002023"},{"id":"NW0005865","name":"Praveen Seervi","initials":"PS","role":"L1","level":"L1","dept":"d-dsalgo","sub":null,"title":"L1 · Content — DS&Algo","managerId":"NW0002023"},{"id":"NW0002023","name":"Kakarla Venkata Seshasai Pavan Teja","initials":"KT","role":"L2","level":"L2","dept":"d-dsalgo","sub":null,"title":"L2 · Content — DS&Algo","managerId":"NW0002526"},{"id":"NW0005746","name":"Harsh Kumar Rai","initials":"HR","role":"L1","level":"L1","dept":"d-dsalgo","sub":null,"title":"L1 · Content — DS&Algo","managerId":"NW0002023"},{"id":"NW0005750","name":"Satyam Sharma","initials":"SS","role":"L1","level":"L1","dept":"d-dsalgo","sub":null,"title":"L1 · Content — DS&Algo","managerId":"NW0002023"},{"id":"NW0004624","name":"Narava Hari Krishna","initials":"NK","role":"L1","level":"L1","dept":"d-dsalgo","sub":null,"title":"L1 · Content — DS&Algo","managerId":"NW0002023"},{"id":"NW0005707","name":"Cherala Harini","initials":"CH","role":"L1","level":"L1","dept":"d-dsalgo","sub":null,"title":"L1 · Content — DS&Algo","managerId":"NW0002023"},{"id":"NW0005724","name":"Syam Sundar Chinta","initials":"SC","role":"L1","level":"L1","dept":"d-dsalgo","sub":null,"title":"L1 · Content — DS&Algo","managerId":"NW0002023"},{"id":"NW1006592","name":"Chittaloori Rekha","initials":"CR","role":"L1","level":"L1","dept":"d-dsalgo","sub":null,"title":"L1 · Content — DS&Algo","managerId":"NW0002023"},{"id":"NW0004625","name":"Sai Vivek Vallabhaneni","initials":"SV","role":"L1","level":"L1","dept":"d-dsalgo","sub":null,"title":"L1 · Content — DS&Algo","managerId":"NW0002023"},{"id":"NW0005594","name":"Shruti Buduta","initials":"SB","role":"L1","level":"L1","dept":"d-dsalgo","sub":null,"title":"L1 · Content — DS&Algo","managerId":"NW0002023"},{"id":"NW1006406","name":"Tarun Aryan","initials":"TA","role":"L1","level":"L1","dept":"d-dsalgo","sub":null,"title":"L1 · Content — DS&Algo","managerId":"NW0002023"},{"id":"NW0005849","name":"Kashif Moazzam","initials":"KM","role":"L1","level":"L1","dept":"d-dsalgo","sub":null,"title":"L1 · Content — DS&Algo","managerId":"NW0002023"},{"id":"NW0001284","name":"Mahesh J","initials":"MJ","role":"L1","level":"L1","dept":"d-dsalgo","sub":null,"title":"L1 · Content — DS&Algo","managerId":"NW0002023"},{"id":"NW0001771","name":"Chanakya Meesala","initials":"CM","role":"L2","level":"L2","dept":"d-fsgci","sub":"Content — Fullstack","title":"L2 · Content — Fullstack","managerId":"NW0002526"},{"id":"NW0001778","name":"Pushpa Latha Chenna","initials":"PC","role":"L2","level":"L2","dept":"d-fsgci","sub":"Content — GenAI","title":"L2 · Content — GenAI","managerId":"NW0002526"},{"id":"NW0002526","name":"Pavan Gangireddy","initials":"PG","role":"L3","level":"L3","dept":"d-fsgci","sub":"Central Ops","title":"L3 · Content","managerId":null,"crossDept":true},{"id":"NW0003056","name":"Khushi Jain","initials":"KJ","role":"L1","level":"L1","dept":"d-fsgci","sub":"Content — Fullstack","title":"L1 · Content — Fullstack","managerId":"NW0001771"},{"id":"NW0003057","name":"Vipparthi Angel","initials":"VA","role":"L1","level":"L1","dept":"d-fsgci","sub":"Content — Fullstack","title":"L1 · Content — Fullstack","managerId":"NW0001771"},{"id":"NW0003123","name":"Banuri Pranathi","initials":"BP","role":"L1","level":"L1","dept":"d-fsgci","sub":"Content — GenAI","title":"L1 · Content — GenAI","managerId":"NW0001778"},{"id":"NW0003857","name":"Jeevan Sravanth Parisa","initials":"JP","role":"L1","level":"L1","dept":"d-fsgci","sub":"Content — Fullstack","title":"L1 · Content — Fullstack","managerId":"NW0001771"},{"id":"NW0004570","name":"Priya Mallikarjun Khairate","initials":"PK","role":"L1","level":"L1","dept":"d-fsgci","sub":"Content — Fullstack","title":"L1 · Content — Fullstack","managerId":"NW0001771"},{"id":"NW0005015","name":"Kiran Kumar Budupula","initials":"KB","role":"L1","level":"L1","dept":"d-fsgci","sub":"Content — GenAI","title":"L1 · Content — GenAI","managerId":"NW0001778"},{"id":"NW0005116","name":"Aryaa Sharma","initials":"AS","role":"ADMIN","level":"Admin","dept":"d-fsgci","sub":"Central Ops","title":"Admin","managerId":"NW0002526","crossDept":true},{"id":"NW0002531","name":"Soumya Esampally","initials":"SE","role":"L1","level":"L1","dept":"d-fsgci","sub":"Content — Fullstack","title":"L1 · Content — Fullstack","managerId":"NW0001771"},{"id":"NW0005795","name":"Jani Basha Nurubasha","initials":"JN","role":"L1","level":"L1","dept":"d-fsgci","sub":"Content — Fullstack","title":"L1 · Content — Fullstack","managerId":"NW0001771"},{"id":"NW0005927","name":"Mandala Uma Devi","initials":"MD","role":"L1","level":"L1","dept":"d-fsgci","sub":"Content — GenAI","title":"L1 · Content — GenAI","managerId":"NW0001778"},{"id":"NW0006025","name":"Yerramilli Phani Yeshwanth","initials":"YY","role":"L1","level":"L1","dept":"d-fsgci","sub":"Content — Fullstack","title":"L1 · Content — Fullstack","managerId":"NW0001771"},{"id":"NW0006123","name":"Prashant Kumar Jha","initials":"PJ","role":"L1","level":"L1","dept":"d-fsgci","sub":"Content — Fullstack","title":"L1 · Content — Fullstack","managerId":"NW0001771"},{"id":"NW0006717","name":"Yedam Venkat Ganesh Reddy","initials":"YR","role":"L1","level":"L1","dept":"d-fsgci","sub":"Central Ops","title":"L1 · Central Ops","managerId":"NW-VIJAY-CO"},{"id":"NW1006662","name":"Chittharu Nagapravallika","initials":"CN","role":"L1","level":"L1","dept":"d-fsgci","sub":"Content — Fullstack","title":"L1 · Content — Fullstack","managerId":"NW0001771"},{"id":"NW1006940","name":"Rishu Raj Singh","initials":"RS","role":"L1","level":"L1","dept":"d-fsgci","sub":"Content — Fullstack","title":"L1 · Content — Fullstack","managerId":"NW0001771"},{"id":"NW1006983","name":"Dasari Pallavi","initials":"DP","role":"L1","level":"L1","dept":"d-fsgci","sub":"Content — Fullstack","title":"L1 · Content — Fullstack","managerId":"NW0001771"},{"id":"NW-VIJAY-CO","name":"Vijay","initials":"VJ","role":"L2","level":"L2","dept":"d-fsgci","sub":"Central Ops","title":"L2 · Central Ops","managerId":"NW0002526"}]$relay$::jsonb), ('roles', $relay${"L0":{"label":"L0","scope":"Self"},"L1":{"label":"L1","scope":"Sub Department"},"L2":{"label":"L2","scope":"Sub Department"},"L3":{"label":"L3","scope":"Department"},"ADMIN":{"label":"Admin","scope":"All · config"},"PRODUCT_OWNER":{"label":"L3","scope":"Department"},"DEPARTMENT_LEAD":{"label":"L2","scope":"Sub Department"},"SUB_LEAD":{"label":"L2","scope":"Sub Department"},"CENTRAL_OPS":{"label":"L2","scope":"Cross-department"},"TEAM_MEMBER":{"label":"L0","scope":"Self"}}$relay$::jsonb) on conflict (key) do update set data = excluded.data;

set session_replication_role = origin;
