-- Relay seed — generated from data.js. Run after 01_schema.sql + 02_rls.sql.
-- Order respects FKs (employees + weekly_summaries first).
set session_replication_role = replica; -- defer FK checks during load

insert into employees (id, email, name, initials, manager_id, dept, sub, role_level, title, is_cross_dept, data) values
  ('NW0001240', 'tejaswini.venkata@nxtwave.co.in', 'Tejaswini Venkata', 'TV', 'NW0002526', 'd-aptenglish', 'Content — English', 'L2', 'L2 · Content — English', false, $relay${"id":"NW0001240","name":"Tejaswini Venkata","initials":"TV","role":"L2","level":"L2","dept":"d-aptenglish","sub":"Content — English","title":"L2 · Content — English","managerId":"NW0002526"}$relay$::jsonb),
  ('NW0002849', 'poojitha.pachava@nxtwave.co.in', 'Poojitha pachava', 'PP', 'NW0002526', 'd-aptenglish', 'Content — Aptitude', 'L2', 'L2 · Content — Aptitude', false, $relay${"id":"NW0002849","name":"Poojitha pachava","initials":"PP","role":"L2","level":"L2","dept":"d-aptenglish","sub":"Content — Aptitude","title":"L2 · Content — Aptitude","managerId":"NW0002526"}$relay$::jsonb),
  ('NW0003323', 'sai.pasupuleti@nxtwave.co.in', 'Sai Krishna Chakradhar Pasupuleti', 'SP', 'NW0002849', 'd-aptenglish', 'Content — Aptitude', 'L1', 'L1 · Content — Aptitude', false, $relay${"id":"NW0003323","name":"Sai Krishna Chakradhar Pasupuleti","initials":"SP","role":"L1","level":"L1","dept":"d-aptenglish","sub":"Content — Aptitude","title":"L1 · Content — Aptitude","managerId":"NW0002849"}$relay$::jsonb),
  ('NW0003881', 'renna.fathima@nxtwave.co.in', 'Renna Fathima', 'RF', 'NW0001240', 'd-aptenglish', 'Content — English', 'L1', 'L1 · Content — English', false, $relay${"id":"NW0003881","name":"Renna Fathima","initials":"RF","role":"L1","level":"L1","dept":"d-aptenglish","sub":"Content — English","title":"L1 · Content — English","managerId":"NW0001240"}$relay$::jsonb),
  ('NW0004107', 'sannamuri.poojitha@nxtwave.co.in', 'Sannamuri Sri Naga Poojitha', 'SP', 'NW0001240', 'd-aptenglish', 'Content — English', 'L1', 'L1 · Content — English', false, $relay${"id":"NW0004107","name":"Sannamuri Sri Naga Poojitha","initials":"SP","role":"L1","level":"L1","dept":"d-aptenglish","sub":"Content — English","title":"L1 · Content — English","managerId":"NW0001240"}$relay$::jsonb),
  ('NW0004629', 'paturi.vivek@nxtwave.co.in', 'Paturi Vivek', 'PV', 'NW0002849', 'd-aptenglish', 'Content — Aptitude', 'L1', 'L1 · Content — Aptitude', false, $relay${"id":"NW0004629","name":"Paturi Vivek","initials":"PV","role":"L1","level":"L1","dept":"d-aptenglish","sub":"Content — Aptitude","title":"L1 · Content — Aptitude","managerId":"NW0002849"}$relay$::jsonb),
  ('NW0004661', 'vivek.vijayan@nxtwave.co.in', 'Vivek Vijayan', 'VV', 'NW0001240', 'd-aptenglish', 'Assessment Intelligence', 'L1', 'L1 · Assessment Intelligence', false, $relay${"id":"NW0004661","name":"Vivek Vijayan","initials":"VV","role":"L1","level":"L1","dept":"d-aptenglish","sub":"Assessment Intelligence","title":"L1 · Assessment Intelligence","managerId":"NW0001240"}$relay$::jsonb),
  ('NW0004785', 'manish.boosa@nxtwave.co.in', 'Manish Boosa', 'MB', 'NW0002849', 'd-aptenglish', 'Content — Aptitude', 'L1', 'L1 · Content — Aptitude', false, $relay${"id":"NW0004785","name":"Manish Boosa","initials":"MB","role":"L1","level":"L1","dept":"d-aptenglish","sub":"Content — Aptitude","title":"L1 · Content — Aptitude","managerId":"NW0002849"}$relay$::jsonb),
  ('NW0004831', 'jithendra.bonam@nxtwave.co.in', 'Jithendra Venkata Sai Bonam', 'JB', 'NW0001240', 'd-aptenglish', 'Assessment Intelligence', 'L1', 'L1 · Assessment Intelligence', false, $relay${"id":"NW0004831","name":"Jithendra Venkata Sai Bonam","initials":"JB","role":"L1","level":"L1","dept":"d-aptenglish","sub":"Assessment Intelligence","title":"L1 · Assessment Intelligence","managerId":"NW0001240"}$relay$::jsonb),
  ('NW0004881', 'mariyam.khan@nxtwave.co.in', 'Mariyam Khan', 'MK', 'NW0001240', 'd-aptenglish', 'Content — English', 'L1', 'L1 · Content — English', false, $relay${"id":"NW0004881","name":"Mariyam Khan","initials":"MK","role":"L1","level":"L1","dept":"d-aptenglish","sub":"Content — English","title":"L1 · Content — English","managerId":"NW0001240"}$relay$::jsonb),
  ('NW0004998', 'pinisetti.srinivas@nxtwave.co.in', 'Pinisetti Srinivas', 'PS', 'NW0002849', 'd-aptenglish', 'Content — Aptitude', 'L1', 'L1 · Content — Aptitude', false, $relay${"id":"NW0004998","name":"Pinisetti Srinivas","initials":"PS","role":"L1","level":"L1","dept":"d-aptenglish","sub":"Content — Aptitude","title":"L1 · Content — Aptitude","managerId":"NW0002849"}$relay$::jsonb),
  ('NW0005042', 'thadigiri.deep@nxtwave.co.in', 'Thadigiri Prem Deep', 'TD', 'NW0001240', 'd-aptenglish', 'Content — English', 'L1', 'L1 · Content — English', false, $relay${"id":"NW0005042","name":"Thadigiri Prem Deep","initials":"TD","role":"L1","level":"L1","dept":"d-aptenglish","sub":"Content — English","title":"L1 · Content — English","managerId":"NW0001240"}$relay$::jsonb),
  ('NW0005117', 'viswanadh.pinisetti@nxtwave.co.in', 'Viswanadh Pinisetti', 'VP', 'NW0001240', 'd-aptenglish', 'Assessment Intelligence', 'L1', 'L1 · Assessment Intelligence', false, $relay${"id":"NW0005117","name":"Viswanadh Pinisetti","initials":"VP","role":"L1","level":"L1","dept":"d-aptenglish","sub":"Assessment Intelligence","title":"L1 · Assessment Intelligence","managerId":"NW0001240"}$relay$::jsonb),
  ('NW0005886', 'namitha.mohasin@nxtwave.co.in', 'Namitha Mohasin', 'NM', 'NW0001240', 'd-aptenglish', 'Assessment Intelligence', 'L1', 'L1 · Assessment Intelligence', false, $relay${"id":"NW0005886","name":"Namitha Mohasin","initials":"NM","role":"L1","level":"L1","dept":"d-aptenglish","sub":"Assessment Intelligence","title":"L1 · Assessment Intelligence","managerId":"NW0001240"}$relay$::jsonb),
  ('NW0006195', 'pratik.bhattacharjee@nxtwave.co.in', 'Pratik Bhattacharjee', 'PB', 'NW0001240', 'd-aptenglish', NULL, 'L1', 'L1 · Content — Aptitude & English', false, $relay${"id":"NW0006195","name":"Pratik Bhattacharjee","initials":"PB","role":"L1","level":"L1","dept":"d-aptenglish","sub":null,"title":"L1 · Content — Aptitude & English","managerId":"NW0001240"}$relay$::jsonb),
  ('NW0001429', 'sreenu.gampala@nxtwave.co.in', 'Sreenu Gampala', 'SG', 'NW0005433', 'd-dsml', NULL, 'L1', 'L1 · Content — DS&ML', false, $relay${"id":"NW0001429","name":"Sreenu Gampala","initials":"SG","role":"L1","level":"L1","dept":"d-dsml","sub":null,"title":"L1 · Content — DS&ML","managerId":"NW0005433"}$relay$::jsonb),
  ('NW0003727', 'alka.kumari@nxtwave.co.in', 'Alka Kumari', 'AK', 'NW0005433', 'd-dsml', NULL, 'L1', 'L1 · Content — DS&ML', false, $relay${"id":"NW0003727","name":"Alka Kumari","initials":"AK","role":"L1","level":"L1","dept":"d-dsml","sub":null,"title":"L1 · Content — DS&ML","managerId":"NW0005433"}$relay$::jsonb),
  ('NW0004593', 'srutthi.g@nxtwave.co.in', 'Srutthi Sri G', 'SG', 'NW0005433', 'd-dsml', NULL, 'L1', 'L1 · Content — DS&ML', false, $relay${"id":"NW0004593","name":"Srutthi Sri G","initials":"SG","role":"L1","level":"L1","dept":"d-dsml","sub":null,"title":"L1 · Content — DS&ML","managerId":"NW0005433"}$relay$::jsonb),
  ('NW0005113', 'kompella.manvish@nxtwave.co.in', 'Kompella Sai Manvish', 'KM', 'NW0005433', 'd-dsml', NULL, 'L1', 'L1 · Content — DS&ML', false, $relay${"id":"NW0005113","name":"Kompella Sai Manvish","initials":"KM","role":"L1","level":"L1","dept":"d-dsml","sub":null,"title":"L1 · Content — DS&ML","managerId":"NW0005433"}$relay$::jsonb),
  ('NW0005433', 'rushikesh.konapure@nxtwave.co.in', 'Rushikesh Chandrakant Konapure', 'RK', 'NW0002526', 'd-dsml', NULL, 'L2', 'L2 · Content — DS&ML', false, $relay${"id":"NW0005433","name":"Rushikesh Chandrakant Konapure","initials":"RK","role":"L2","level":"L2","dept":"d-dsml","sub":null,"title":"L2 · Content — DS&ML","managerId":"NW0002526"}$relay$::jsonb),
  ('NW0005962', 'kavya.bhemana@nxtwave.co.in', 'Kavya Bhemana', 'KB', 'NW0005433', 'd-dsml', NULL, 'L1', 'L1 · Content — DS&ML', false, $relay${"id":"NW0005962","name":"Kavya Bhemana","initials":"KB","role":"L1","level":"L1","dept":"d-dsml","sub":null,"title":"L1 · Content — DS&ML","managerId":"NW0005433"}$relay$::jsonb),
  ('NW0006145', 'aditya.singh@nxtwave.co.in', 'Aditya Singh', 'AS', 'NW0005433', 'd-dsml', NULL, 'L1', 'L1 · Content — DS&ML', false, $relay${"id":"NW0006145","name":"Aditya Singh","initials":"AS","role":"L1","level":"L1","dept":"d-dsml","sub":null,"title":"L1 · Content — DS&ML","managerId":"NW0005433"}$relay$::jsonb),
  ('NW0006190', 'nangunoori.chandu@nxtwave.co.in', 'Nangunoori Chandu', 'NC', 'NW0005433', 'd-dsml', NULL, 'L1', 'L1 · Content — DS&ML', false, $relay${"id":"NW0006190","name":"Nangunoori Chandu","initials":"NC","role":"L1","level":"L1","dept":"d-dsml","sub":null,"title":"L1 · Content — DS&ML","managerId":"NW0005433"}$relay$::jsonb),
  ('NW0006237', 'tejeswara.n@nxtwave.co.in', 'Tejeswara Rao N', 'TN', 'NW0005433', 'd-dsml', NULL, 'L1', 'L1 · Content — DS&ML', false, $relay${"id":"NW0006237","name":"Tejeswara Rao N","initials":"TN","role":"L1","level":"L1","dept":"d-dsml","sub":null,"title":"L1 · Content — DS&ML","managerId":"NW0005433"}$relay$::jsonb),
  ('NW1005903', 'lavanya.rentala@nxtwave.co.in', 'Lavanya Sri Rentala', 'LR', 'NW0005433', 'd-dsml', NULL, 'L1', 'L1 · Content — DS&ML', false, $relay${"id":"NW1005903","name":"Lavanya Sri Rentala","initials":"LR","role":"L1","level":"L1","dept":"d-dsml","sub":null,"title":"L1 · Content — DS&ML","managerId":"NW0005433"}$relay$::jsonb),
  ('NW1006863', 'manoj.damsalapudi@nxtwave.co.in', 'Manoj kumar Damsalapudi', 'MD', 'NW0005433', 'd-dsml', NULL, 'L1', 'L1 · Content — DS&ML', false, $relay${"id":"NW1006863","name":"Manoj kumar Damsalapudi","initials":"MD","role":"L1","level":"L1","dept":"d-dsml","sub":null,"title":"L1 · Content — DS&ML","managerId":"NW0005433"}$relay$::jsonb),
  ('NW0000374', 'dilip.bhogi@nxtwave.co.in', 'Dilip Kumar Bhogi', 'DB', 'NW0002023', 'd-dsalgo', NULL, 'L1', 'L1 · Content — DS&Algo', false, $relay${"id":"NW0000374","name":"Dilip Kumar Bhogi","initials":"DB","role":"L1","level":"L1","dept":"d-dsalgo","sub":null,"title":"L1 · Content — DS&Algo","managerId":"NW0002023"}$relay$::jsonb),
  ('NW0005991', 'anshul.barahate@nxtwave.co.in', 'Anshul Jitendra Barahate', 'AB', 'NW0002023', 'd-dsalgo', NULL, 'L1', 'L1 · Content — DS&Algo', false, $relay${"id":"NW0005991","name":"Anshul Jitendra Barahate","initials":"AB","role":"L1","level":"L1","dept":"d-dsalgo","sub":null,"title":"L1 · Content — DS&Algo","managerId":"NW0002023"}$relay$::jsonb),
  ('NW0005864', 'jashwanth.dandu@nxtwave.co.in', 'Jashwanth Dandu', 'JD', 'NW0002023', 'd-dsalgo', NULL, 'L1', 'L1 · Content — DS&Algo', false, $relay${"id":"NW0005864","name":"Jashwanth Dandu","initials":"JD","role":"L1","level":"L1","dept":"d-dsalgo","sub":null,"title":"L1 · Content — DS&Algo","managerId":"NW0002023"}$relay$::jsonb),
  ('NW0003492', 'rishap.kumar@nxtwave.co.in', 'Rishap Kumar', 'RK', 'NW0002023', 'd-dsalgo', NULL, 'L1', 'L1 · Content — DS&Algo', false, $relay${"id":"NW0003492","name":"Rishap Kumar","initials":"RK","role":"L1","level":"L1","dept":"d-dsalgo","sub":null,"title":"L1 · Content — DS&Algo","managerId":"NW0002023"}$relay$::jsonb),
  ('NW0005863', 'tushar.agarwal@nxtwave.co.in', 'Tushar Agarwal', 'TA', 'NW0002023', 'd-dsalgo', NULL, 'L1', 'L1 · Content — DS&Algo', false, $relay${"id":"NW0005863","name":"Tushar Agarwal","initials":"TA","role":"L1","level":"L1","dept":"d-dsalgo","sub":null,"title":"L1 · Content — DS&Algo","managerId":"NW0002023"}$relay$::jsonb),
  ('NW0005865', 'praveen.seervi@nxtwave.co.in', 'Praveen Seervi', 'PS', 'NW0002023', 'd-dsalgo', NULL, 'L1', 'L1 · Content — DS&Algo', false, $relay${"id":"NW0005865","name":"Praveen Seervi","initials":"PS","role":"L1","level":"L1","dept":"d-dsalgo","sub":null,"title":"L1 · Content — DS&Algo","managerId":"NW0002023"}$relay$::jsonb),
  ('NW0002023', 'kakarla.pavanteja@nxtwave.co.in', 'Kakarla Venkata Seshasai Pavan Teja', 'KT', 'NW0002526', 'd-dsalgo', NULL, 'L2', 'L2 · Content — DS&Algo', false, $relay${"id":"NW0002023","name":"Kakarla Venkata Seshasai Pavan Teja","initials":"KT","role":"L2","level":"L2","dept":"d-dsalgo","sub":null,"title":"L2 · Content — DS&Algo","managerId":"NW0002526"}$relay$::jsonb),
  ('NW0005746', 'harsh.rai@nxtwave.co.in', 'Harsh Kumar Rai', 'HR', 'NW0002023', 'd-dsalgo', NULL, 'L1', 'L1 · Content — DS&Algo', false, $relay${"id":"NW0005746","name":"Harsh Kumar Rai","initials":"HR","role":"L1","level":"L1","dept":"d-dsalgo","sub":null,"title":"L1 · Content — DS&Algo","managerId":"NW0002023"}$relay$::jsonb),
  ('NW0005750', 'satyam.sharma@nxtwave.co.in', 'Satyam Sharma', 'SS', 'NW0002023', 'd-dsalgo', NULL, 'L1', 'L1 · Content — DS&Algo', false, $relay${"id":"NW0005750","name":"Satyam Sharma","initials":"SS","role":"L1","level":"L1","dept":"d-dsalgo","sub":null,"title":"L1 · Content — DS&Algo","managerId":"NW0002023"}$relay$::jsonb),
  ('NW0004624', 'narava.krishna@nxtwave.co.in', 'Narava Hari Krishna', 'NK', 'NW0002023', 'd-dsalgo', NULL, 'L1', 'L1 · Content — DS&Algo', false, $relay${"id":"NW0004624","name":"Narava Hari Krishna","initials":"NK","role":"L1","level":"L1","dept":"d-dsalgo","sub":null,"title":"L1 · Content — DS&Algo","managerId":"NW0002023"}$relay$::jsonb),
  ('NW0005707', 'cherala.harini@nxtwave.co.in', 'Cherala Harini', 'CH', 'NW0002023', 'd-dsalgo', NULL, 'L1', 'L1 · Content — DS&Algo', false, $relay${"id":"NW0005707","name":"Cherala Harini","initials":"CH","role":"L1","level":"L1","dept":"d-dsalgo","sub":null,"title":"L1 · Content — DS&Algo","managerId":"NW0002023"}$relay$::jsonb),
  ('NW0005724', 'syam.chinta@nxtwave.co.in', 'Syam Sundar Chinta', 'SC', 'NW0002023', 'd-dsalgo', NULL, 'L1', 'L1 · Content — DS&Algo', false, $relay${"id":"NW0005724","name":"Syam Sundar Chinta","initials":"SC","role":"L1","level":"L1","dept":"d-dsalgo","sub":null,"title":"L1 · Content — DS&Algo","managerId":"NW0002023"}$relay$::jsonb),
  ('NW1006592', 'chittaloori.rekha@nxtwave.co.in', 'Chittaloori Rekha', 'CR', 'NW0002023', 'd-dsalgo', NULL, 'L1', 'L1 · Content — DS&Algo', false, $relay${"id":"NW1006592","name":"Chittaloori Rekha","initials":"CR","role":"L1","level":"L1","dept":"d-dsalgo","sub":null,"title":"L1 · Content — DS&Algo","managerId":"NW0002023"}$relay$::jsonb),
  ('NW0004625', 'sai.vallabhaneni@nxtwave.co.in', 'Sai Vivek Vallabhaneni', 'SV', 'NW0002023', 'd-dsalgo', NULL, 'L1', 'L1 · Content — DS&Algo', false, $relay${"id":"NW0004625","name":"Sai Vivek Vallabhaneni","initials":"SV","role":"L1","level":"L1","dept":"d-dsalgo","sub":null,"title":"L1 · Content — DS&Algo","managerId":"NW0002023"}$relay$::jsonb),
  ('NW0005594', 'shruti.buduta@nxtwave.co.in', 'Shruti Buduta', 'SB', 'NW0002023', 'd-dsalgo', NULL, 'L1', 'L1 · Content — DS&Algo', false, $relay${"id":"NW0005594","name":"Shruti Buduta","initials":"SB","role":"L1","level":"L1","dept":"d-dsalgo","sub":null,"title":"L1 · Content — DS&Algo","managerId":"NW0002023"}$relay$::jsonb),
  ('NW1006406', 'tarun.aryan@nxtwave.co.in', 'Tarun Aryan', 'TA', 'NW0002023', 'd-dsalgo', NULL, 'L1', 'L1 · Content — DS&Algo', false, $relay${"id":"NW1006406","name":"Tarun Aryan","initials":"TA","role":"L1","level":"L1","dept":"d-dsalgo","sub":null,"title":"L1 · Content — DS&Algo","managerId":"NW0002023"}$relay$::jsonb),
  ('NW0005849', 'kashif.moazzam@nxtwave.co.in', 'Kashif Moazzam', 'KM', 'NW0002023', 'd-dsalgo', NULL, 'L1', 'L1 · Content — DS&Algo', false, $relay${"id":"NW0005849","name":"Kashif Moazzam","initials":"KM","role":"L1","level":"L1","dept":"d-dsalgo","sub":null,"title":"L1 · Content — DS&Algo","managerId":"NW0002023"}$relay$::jsonb),
  ('NW0001284', 'mahesh.j@nxtwave.co.in', 'Mahesh J', 'MJ', 'NW0002023', 'd-dsalgo', NULL, 'L1', 'L1 · Content — DS&Algo', false, $relay${"id":"NW0001284","name":"Mahesh J","initials":"MJ","role":"L1","level":"L1","dept":"d-dsalgo","sub":null,"title":"L1 · Content — DS&Algo","managerId":"NW0002023"}$relay$::jsonb),
  ('NW0001771', 'meesala.chanakya@nxtwave.co.in', 'Chanakya Meesala', 'CM', 'NW0002526', 'd-fsgci', 'Content — Fullstack', 'L2', 'L2 · Content — Fullstack', false, $relay${"id":"NW0001771","name":"Chanakya Meesala","initials":"CM","role":"L2","level":"L2","dept":"d-fsgci","sub":"Content — Fullstack","title":"L2 · Content — Fullstack","managerId":"NW0002526"}$relay$::jsonb),
  ('NW0001778', 'pushpa.chenna@nxtwave.co.in', 'Pushpa Latha Chenna', 'PC', 'NW0002526', 'd-fsgci', 'Content — GenAI', 'L2', 'L2 · Content — GenAI', false, $relay${"id":"NW0001778","name":"Pushpa Latha Chenna","initials":"PC","role":"L2","level":"L2","dept":"d-fsgci","sub":"Content — GenAI","title":"L2 · Content — GenAI","managerId":"NW0002526"}$relay$::jsonb),
  ('NW0002526', 'pavangangireddy@nxtwave.co.in', 'Pavan Gangireddy', 'PG', NULL, 'd-fsgci', 'Central Ops', 'L3', 'L3 · Content', true, $relay${"id":"NW0002526","name":"Pavan Gangireddy","initials":"PG","role":"L3","level":"L3","dept":"d-fsgci","sub":"Central Ops","title":"L3 · Content","managerId":null,"crossDept":true}$relay$::jsonb),
  ('NW0003056', 'khushi.jain@nxtwave.co.in', 'Khushi Jain', 'KJ', 'NW0001771', 'd-fsgci', 'Content — Fullstack', 'L1', 'L1 · Content — Fullstack', false, $relay${"id":"NW0003056","name":"Khushi Jain","initials":"KJ","role":"L1","level":"L1","dept":"d-fsgci","sub":"Content — Fullstack","title":"L1 · Content — Fullstack","managerId":"NW0001771"}$relay$::jsonb),
  ('NW0003057', 'vipparthi.angel@nxtwave.co.in', 'Vipparthi Angel', 'VA', 'NW0001771', 'd-fsgci', 'Content — Fullstack', 'L1', 'L1 · Content — Fullstack', false, $relay${"id":"NW0003057","name":"Vipparthi Angel","initials":"VA","role":"L1","level":"L1","dept":"d-fsgci","sub":"Content — Fullstack","title":"L1 · Content — Fullstack","managerId":"NW0001771"}$relay$::jsonb),
  ('NW0003123', 'banuri.pranathi@nxtwave.co.in', 'Banuri Pranathi', 'BP', 'NW0001778', 'd-fsgci', 'Content — GenAI', 'L1', 'L1 · Content — GenAI', false, $relay${"id":"NW0003123","name":"Banuri Pranathi","initials":"BP","role":"L1","level":"L1","dept":"d-fsgci","sub":"Content — GenAI","title":"L1 · Content — GenAI","managerId":"NW0001778"}$relay$::jsonb),
  ('NW0003857', 'jeevan.parisa@nxtwave.co.in', 'Jeevan Sravanth Parisa', 'JP', 'NW0001771', 'd-fsgci', 'Content — Fullstack', 'L1', 'L1 · Content — Fullstack', false, $relay${"id":"NW0003857","name":"Jeevan Sravanth Parisa","initials":"JP","role":"L1","level":"L1","dept":"d-fsgci","sub":"Content — Fullstack","title":"L1 · Content — Fullstack","managerId":"NW0001771"}$relay$::jsonb),
  ('NW0004570', 'priya.khairate@nxtwave.co.in', 'Priya Mallikarjun Khairate', 'PK', 'NW0001771', 'd-fsgci', 'Content — Fullstack', 'L1', 'L1 · Content — Fullstack', false, $relay${"id":"NW0004570","name":"Priya Mallikarjun Khairate","initials":"PK","role":"L1","level":"L1","dept":"d-fsgci","sub":"Content — Fullstack","title":"L1 · Content — Fullstack","managerId":"NW0001771"}$relay$::jsonb),
  ('NW0005015', 'kiran.budupula@nxtwave.co.in', 'Kiran Kumar Budupula', 'KB', 'NW0001778', 'd-fsgci', 'Content — GenAI', 'L1', 'L1 · Content — GenAI', false, $relay${"id":"NW0005015","name":"Kiran Kumar Budupula","initials":"KB","role":"L1","level":"L1","dept":"d-fsgci","sub":"Content — GenAI","title":"L1 · Content — GenAI","managerId":"NW0001778"}$relay$::jsonb),
  ('NW0005116', 'aryaa.sharma@nxtwave.co.in', 'Aryaa Sharma', 'AS', 'NW0002526', 'd-fsgci', 'Central Ops', 'Admin', 'Admin', true, $relay${"id":"NW0005116","name":"Aryaa Sharma","initials":"AS","role":"ADMIN","level":"Admin","dept":"d-fsgci","sub":"Central Ops","title":"Admin","managerId":"NW0002526","crossDept":true}$relay$::jsonb),
  ('NW0002531', 'soumya.esampally@nxtwave.co.in', 'Soumya Esampally', 'SE', 'NW0001771', 'd-fsgci', 'Content — Fullstack', 'L1', 'L1 · Content — Fullstack', false, $relay${"id":"NW0002531","name":"Soumya Esampally","initials":"SE","role":"L1","level":"L1","dept":"d-fsgci","sub":"Content — Fullstack","title":"L1 · Content — Fullstack","managerId":"NW0001771"}$relay$::jsonb),
  ('NW0005795', 'jani.nurubasha@nxtwave.co.in', 'Jani Basha Nurubasha', 'JN', 'NW0001771', 'd-fsgci', 'Content — Fullstack', 'L1', 'L1 · Content — Fullstack', false, $relay${"id":"NW0005795","name":"Jani Basha Nurubasha","initials":"JN","role":"L1","level":"L1","dept":"d-fsgci","sub":"Content — Fullstack","title":"L1 · Content — Fullstack","managerId":"NW0001771"}$relay$::jsonb),
  ('NW0005927', 'mandala.devi@nxtwave.co.in', 'Mandala Uma Devi', 'MD', 'NW0001778', 'd-fsgci', 'Content — GenAI', 'L1', 'L1 · Content — GenAI', false, $relay${"id":"NW0005927","name":"Mandala Uma Devi","initials":"MD","role":"L1","level":"L1","dept":"d-fsgci","sub":"Content — GenAI","title":"L1 · Content — GenAI","managerId":"NW0001778"}$relay$::jsonb),
  ('NW0006025', 'yerramilli.yeshwanth@nxtwave.co.in', 'Yerramilli Phani Yeshwanth', 'YY', 'NW0001771', 'd-fsgci', 'Content — Fullstack', 'L1', 'L1 · Content — Fullstack', false, $relay${"id":"NW0006025","name":"Yerramilli Phani Yeshwanth","initials":"YY","role":"L1","level":"L1","dept":"d-fsgci","sub":"Content — Fullstack","title":"L1 · Content — Fullstack","managerId":"NW0001771"}$relay$::jsonb),
  ('NW0006123', 'prashant.jha@nxtwave.co.in', 'Prashant Kumar Jha', 'PJ', 'NW0001771', 'd-fsgci', 'Content — Fullstack', 'L1', 'L1 · Content — Fullstack', false, $relay${"id":"NW0006123","name":"Prashant Kumar Jha","initials":"PJ","role":"L1","level":"L1","dept":"d-fsgci","sub":"Content — Fullstack","title":"L1 · Content — Fullstack","managerId":"NW0001771"}$relay$::jsonb),
  ('NW0006717', 'yedam.reddy@nxtwave.co.in', 'Yedam Venkat Ganesh Reddy', 'YR', 'NW-VIJAY-CO', 'd-fsgci', 'Central Ops', 'L1', 'L1 · Central Ops', false, $relay${"id":"NW0006717","name":"Yedam Venkat Ganesh Reddy","initials":"YR","role":"L1","level":"L1","dept":"d-fsgci","sub":"Central Ops","title":"L1 · Central Ops","managerId":"NW-VIJAY-CO"}$relay$::jsonb),
  ('NW1006662', 'chittharu.nagapravallika@nxtwave.co.in', 'Chittharu Nagapravallika', 'CN', 'NW0001771', 'd-fsgci', 'Content — Fullstack', 'L1', 'L1 · Content — Fullstack', false, $relay${"id":"NW1006662","name":"Chittharu Nagapravallika","initials":"CN","role":"L1","level":"L1","dept":"d-fsgci","sub":"Content — Fullstack","title":"L1 · Content — Fullstack","managerId":"NW0001771"}$relay$::jsonb),
  ('NW1006940', 'rishu.singh@nxtwave.co.in', 'Rishu Raj Singh', 'RS', 'NW0001771', 'd-fsgci', 'Content — Fullstack', 'L1', 'L1 · Content — Fullstack', false, $relay${"id":"NW1006940","name":"Rishu Raj Singh","initials":"RS","role":"L1","level":"L1","dept":"d-fsgci","sub":"Content — Fullstack","title":"L1 · Content — Fullstack","managerId":"NW0001771"}$relay$::jsonb),
  ('NW1006983', 'dasari.pallavi@nxtwave.co.in', 'Dasari Pallavi', 'DP', 'NW0001771', 'd-fsgci', 'Content — Fullstack', 'L1', 'L1 · Content — Fullstack', false, $relay${"id":"NW1006983","name":"Dasari Pallavi","initials":"DP","role":"L1","level":"L1","dept":"d-fsgci","sub":"Content — Fullstack","title":"L1 · Content — Fullstack","managerId":"NW0001771"}$relay$::jsonb),
  ('NW-VIJAY-CO', 'vijay.centralops@nxtwave.co.in', 'Vijay', 'VJ', 'NW0002526', 'd-fsgci', 'Central Ops', 'L2', 'L2 · Central Ops', false, $relay${"id":"NW-VIJAY-CO","name":"Vijay","initials":"VJ","role":"L2","level":"L2","dept":"d-fsgci","sub":"Central Ops","title":"L2 · Central Ops","managerId":"NW0002526"}$relay$::jsonb)
on conflict (id) do update set email = excluded.email, name = excluded.name, initials = excluded.initials, manager_id = excluded.manager_id, dept = excluded.dept, sub = excluded.sub, role_level = excluded.role_level, title = excluded.title, is_cross_dept = excluded.is_cross_dept, data = excluded.data;

insert into business_directions (id, data) values
  ('bd-cd', $relay${"id":"bd-cd","name":"CD - Curriculum Development","products":[{"id":"p-content","name":"Content","departments":[{"id":"d-fsgci","name":"Content — FS, GenAI & CO","short":"FS · GenAI · CO","lead":null,"subs":["Content — Fullstack","Content — GenAI","Central Ops"]},{"id":"d-aptenglish","name":"Content — Aptitude & English","short":"Aptitude · English","lead":null,"subs":["Content — Aptitude","Content — English"]},{"id":"d-dsml","name":"Content — DS&ML","short":"DS&ML","flat":true,"lead":"NW0005433","subs":["Content — DS&ML"]},{"id":"d-dsalgo","name":"Content — DS&Algo","short":"DS&Algo","flat":true,"lead":"NW0002023","subs":["Content — DS&Algo"]}]}]}$relay$::jsonb)
on conflict (id) do update set data = excluded.data;

insert into departments (id, bd_id, product_id, data) values
  ('d-fsgci', 'bd-cd', 'p-content', $relay${"id":"d-fsgci","name":"Content — FS, GenAI & CO","short":"FS · GenAI · CO","lead":null,"subs":["Content — Fullstack","Content — GenAI","Central Ops"],"productId":"p-content","productName":"Content","bdId":"bd-cd","bdName":"CD - Curriculum Development"}$relay$::jsonb),
  ('d-aptenglish', 'bd-cd', 'p-content', $relay${"id":"d-aptenglish","name":"Content — Aptitude & English","short":"Aptitude · English","lead":null,"subs":["Content — Aptitude","Content — English"],"productId":"p-content","productName":"Content","bdId":"bd-cd","bdName":"CD - Curriculum Development"}$relay$::jsonb),
  ('d-dsml', 'bd-cd', 'p-content', $relay${"id":"d-dsml","name":"Content — DS&ML","short":"DS&ML","flat":true,"lead":"NW0005433","subs":["Content — DS&ML"],"productId":"p-content","productName":"Content","bdId":"bd-cd","bdName":"CD - Curriculum Development"}$relay$::jsonb),
  ('d-dsalgo', 'bd-cd', 'p-content', $relay${"id":"d-dsalgo","name":"Content — DS&Algo","short":"DS&Algo","flat":true,"lead":"NW0002023","subs":["Content — DS&Algo"],"productId":"p-content","productName":"Content","bdId":"bd-cd","bdName":"CD - Curriculum Development"}$relay$::jsonb)
on conflict (id) do update set bd_id = excluded.bd_id, product_id = excluded.product_id, data = excluded.data;

-- dept_health: no rows

-- kpis: no rows

-- weekly_summaries: no rows

-- daily_reports: no rows

-- worklogs: no rows

-- tasks: no rows

-- flags: no rows

-- weekly_comments: no rows

-- moms: no rows

-- engram_interactions: no rows

-- eval_sets: no rows

-- guideline_proposals: no rows

-- farm_agents: no rows

insert into relay_agents (id, data) values
  ('r-scribe', $relay${"id":"r-scribe","name":"Scribe","job":"Extract action items from a MOM","trigger":"New MOM uploaded","autonomy":"L0","owner":"NW0005116","health":"ok","lastRun":"2026-05-26 11:14 IST","costPerRun":0.024,"runsToday":7,"model":"claude-sonnet-4-6"}$relay$::jsonb),
  ('r-dispatcher', $relay${"id":"r-dispatcher","name":"Dispatcher","job":"Match items to people, draft tasks","trigger":"After Scribe","autonomy":"L1","owner":"NW0005116","health":"warning","lastRun":"2026-05-26 11:15 IST","costPerRun":0.012,"runsToday":7,"model":"claude-haiku-4-5","note":"Owner inference accuracy below threshold this week."}$relay$::jsonb),
  ('r-cartographer', $relay${"id":"r-cartographer","name":"Cartographer","job":"Build & maintain the memory graph","trigger":"After Scribe + nightly","autonomy":"L2","owner":"NW0005116","health":"ok","lastRun":"2026-05-26 02:00 IST","costPerRun":0.008,"runsToday":12,"model":"claude-haiku-4-5"}$relay$::jsonb),
  ('r-concierge', $relay${"id":"r-concierge","name":"Concierge","job":"Chat — how-to, feedback, Second Brain query","trigger":"User opens chat","autonomy":"L2","owner":"NW0005116","health":"ok","lastRun":"2026-05-26 11:32 IST","costPerRun":0.018,"runsToday":43,"model":"claude-sonnet-4-6"}$relay$::jsonb),
  ('r-nudge', $relay${"id":"r-nudge","name":"Nudge","job":"Chase missing daily reports via Teams","trigger":"Daily 22:00 + Admin manual","autonomy":"L2","owner":"NW0006025","health":"ok","lastRun":"2026-05-25 22:00 IST","costPerRun":0.0014,"runsToday":1,"model":"claude-haiku-4-5"}$relay$::jsonb),
  ('r-rollup', $relay${"id":"r-rollup","name":"Rollup","job":"Derive weekly reports","trigger":"Mon 06:00 IST","autonomy":"L1","owner":"NW0005116","health":"warning","lastRun":"2026-05-25 06:02 IST","costPerRun":0.078,"runsToday":0,"model":"claude-sonnet-4-6","note":"DS&Algo confidence 0.62 — flagged."}$relay$::jsonb),
  ('r-ledger', $relay${"id":"r-ledger","name":"Ledger","job":"Compile monthly worklogs","trigger":"1st of month 07:00","autonomy":"L0","owner":"NW0005116","health":"idle","lastRun":"2026-05-01 07:00 IST","costPerRun":0.14,"runsToday":0,"model":"claude-sonnet-4-6"}$relay$::jsonb),
  ('r-bursar', $relay${"id":"r-bursar","name":"Bursar","job":"Pull tool spend, parse invoices, attribute cost","trigger":"Daily 04:00 + invoice","autonomy":"L2","owner":"NW0005116","health":"ok","lastRun":"2026-05-26 04:01 IST","costPerRun":0.003,"runsToday":1,"model":"claude-haiku-4-5"}$relay$::jsonb),
  ('r-curator', $relay${"id":"r-curator","name":"Curator","job":"Cluster Engram corrections, propose guideline edits","trigger":"Weekly Sun 22:00","autonomy":"L0","owner":"NW0005116","health":"ok","lastRun":"2026-05-24 22:00 IST","costPerRun":0.062,"runsToday":0,"model":"claude-sonnet-4-6"}$relay$::jsonb),
  ('r-sentry', $relay${"id":"r-sentry","name":"Sentry","job":"Surface blocked + overdue tasks","trigger":"Continuous (5-min)","autonomy":"L2","owner":"NW0005116","health":"ok","lastRun":"2026-05-26 11:30 IST","costPerRun":0,"runsToday":288,"model":"deterministic"}$relay$::jsonb),
  ('r-quartermaster', $relay${"id":"r-quartermaster","name":"Quartermaster","job":"Draft Agent Farm cards, flag dead links","trigger":"On register + weekly","autonomy":"L0","owner":"NW0005116","health":"ok","lastRun":"2026-05-25 09:15 IST","costPerRun":0.011,"runsToday":0,"model":"claude-haiku-4-5"}$relay$::jsonb),
  ('r-meter', $relay${"id":"r-meter","name":"Meter","job":"Log tokens + cost per LLM call","trigger":"Every LLM call","autonomy":"sys","owner":"NW0005116","health":"ok","lastRun":"2026-05-26 11:32 IST","costPerRun":0,"runsToday":412,"model":"service"}$relay$::jsonb),
  ('r-briefer', $relay${"id":"r-briefer","name":"Briefer","job":"Compile monthly check-in brief per L2","trigger":"1st of month","autonomy":"L0","owner":"NW0005116","health":"idle","lastRun":"2026-05-01 08:00 IST","costPerRun":0.085,"runsToday":0,"model":"claude-sonnet-4-6"}$relay$::jsonb)
on conflict (id) do update set data = excluded.data;

insert into codex_workflows (id, data) values
  ('wf-daily', $relay${"id":"wf-daily","name":"Daily report flow","trigger":"17:00 IST + 22:00 nudge","agents":["Nudge","Concierge","Scribe (form)"],"outputs":["daily_reports"],"version":"v4"}$relay$::jsonb),
  ('wf-weekly', $relay${"id":"wf-weekly","name":"Weekly rollup flow","trigger":"Mon 06:00 IST","agents":["Rollup"],"outputs":["weekly_reports"],"version":"v3"}$relay$::jsonb),
  ('wf-monthly', $relay${"id":"wf-monthly","name":"Monthly worklog flow","trigger":"1st of month","agents":["Ledger","Briefer"],"outputs":["monthly_worklogs","checkin_briefs"],"version":"v2"}$relay$::jsonb),
  ('wf-mom', $relay${"id":"wf-mom","name":"MOM → tasks flow","trigger":"New MOM uploaded","agents":["Scribe","Dispatcher","Cartographer"],"outputs":["action_items","tasks","graph_nodes"],"version":"v3"}$relay$::jsonb),
  ('wf-nudge', $relay${"id":"wf-nudge","name":"Missing-report nudge","trigger":"Daily 22:00 IST","agents":["Nudge"],"outputs":["notifications"],"version":"v2"}$relay$::jsonb),
  ('wf-expense', $relay${"id":"wf-expense","name":"Tool expense flow","trigger":"Daily 04:00 + invoice","agents":["Bursar","Meter"],"outputs":["cost_ledger","anomaly_flags"],"version":"v1"}$relay$::jsonb),
  ('wf-eval', $relay${"id":"wf-eval","name":"Eval-gated promotion","trigger":"Guideline approved","agents":["(no LLM — runner)"],"outputs":["eval_sets","promotion_decisions"],"version":"v2"}$relay$::jsonb),
  ('wf-guide', $relay${"id":"wf-guide","name":"Guideline evolution","trigger":"Weekly Sun 22:00","agents":["Curator"],"outputs":["guideline_proposals"],"version":"v3"}$relay$::jsonb)
on conflict (id) do update set data = excluded.data;

insert into codex_guidelines (id, data) values
  ('gl-daily', $relay${"id":"gl-daily","name":"Daily Report SOP","version":"v7","updated":"2026-06-22","updatedBy":"NW0005116","source":"Feature sync","summary":"Log the day in the Submit chat by 22:00 IST: pick Product-Audience, an Output Category (auto-derives Task/Activity/Metric), optional Stack, then the output count and the tailored template — every category now requires at least a written description. Finish with hours and status. Each task mirrors into a worklog instantly."}$relay$::jsonb),
  ('gl-weekly', $relay${"id":"gl-weekly","name":"Weekly Report Guidelines","version":"v5","updated":"2026-06-22","updatedBy":"NW0005116","source":"Feature sync","summary":"Rollup drafts the weekly from the week's daily reports into Highlights / Risks / Asks, each citing source report ids. Risks are always paired with an explicit Ask. Drafts are review-gated before publish; the Weekly Digest consolidates one achievement line per work-stream per sub-department."}$relay$::jsonb),
  ('gl-task', $relay${"id":"gl-task","name":"Task Format Guidelines","version":"v4","updated":"2026-06-22","updatedBy":"NW0002526","source":"Feature sync","summary":"Every task has an owner (managers pick from their reporting subtree — an L2 sees their L1s), a required Task details description, an Output Category, a required due date, and a status (In-progress/Done/Blocked/Overdue/Backlog) — no priority field. Optional Product-Audience, Stack and template fields. Only the owner changes status; Blocked arms the Sentry escalation chain."}$relay$::jsonb),
  ('gl-metric', $relay${"id":"gl-metric","name":"Metric Map","version":"v2","updated":"2026-05-18","updatedBy":"NW0005116","source":"Manual edit","summary":"Output Category → Task Category → Activity Category → Metric Category. Used by Dispatcher to bucket items and by Ledger to compute monthly worklog rollups."}$relay$::jsonb),
  ('gl-econ', $relay${"id":"gl-econ","name":"Unit Economics","version":"v1","updated":"2026-05-12","updatedBy":"NW0005116","source":"Manual edit","summary":"Baseline hours-per-unit by output category. Drives Agentic Gains math. Reviewed monthly."}$relay$::jsonb)
on conflict (id) do update set data = excluded.data;

-- ai_runs: no rows

-- activity: no rows

insert into expense_doc (id, data) values ('current', $relay${"monthlyBudgetUsd":30000,"byTool":[],"byPerson":[],"monthlyTrend":[]}$relay$::jsonb) on conflict (id) do update set data = excluded.data;
insert into app_docs (key, data) values ('report_authors', $relay$[{"id":"NW0001240","name":"Tejaswini Venkata","initials":"TV","role":"L2","level":"L2","dept":"d-aptenglish","sub":"Content — English","title":"L2 · Content — English","managerId":"NW0002526"},{"id":"NW0002849","name":"Poojitha pachava","initials":"PP","role":"L2","level":"L2","dept":"d-aptenglish","sub":"Content — Aptitude","title":"L2 · Content — Aptitude","managerId":"NW0002526"},{"id":"NW0003323","name":"Sai Krishna Chakradhar Pasupuleti","initials":"SP","role":"L1","level":"L1","dept":"d-aptenglish","sub":"Content — Aptitude","title":"L1 · Content — Aptitude","managerId":"NW0002849"},{"id":"NW0003881","name":"Renna Fathima","initials":"RF","role":"L1","level":"L1","dept":"d-aptenglish","sub":"Content — English","title":"L1 · Content — English","managerId":"NW0001240"},{"id":"NW0004107","name":"Sannamuri Sri Naga Poojitha","initials":"SP","role":"L1","level":"L1","dept":"d-aptenglish","sub":"Content — English","title":"L1 · Content — English","managerId":"NW0001240"},{"id":"NW0004629","name":"Paturi Vivek","initials":"PV","role":"L1","level":"L1","dept":"d-aptenglish","sub":"Content — Aptitude","title":"L1 · Content — Aptitude","managerId":"NW0002849"},{"id":"NW0004661","name":"Vivek Vijayan","initials":"VV","role":"L1","level":"L1","dept":"d-aptenglish","sub":"Assessment Intelligence","title":"L1 · Assessment Intelligence","managerId":"NW0001240"},{"id":"NW0004785","name":"Manish Boosa","initials":"MB","role":"L1","level":"L1","dept":"d-aptenglish","sub":"Content — Aptitude","title":"L1 · Content — Aptitude","managerId":"NW0002849"},{"id":"NW0004831","name":"Jithendra Venkata Sai Bonam","initials":"JB","role":"L1","level":"L1","dept":"d-aptenglish","sub":"Assessment Intelligence","title":"L1 · Assessment Intelligence","managerId":"NW0001240"},{"id":"NW0004881","name":"Mariyam Khan","initials":"MK","role":"L1","level":"L1","dept":"d-aptenglish","sub":"Content — English","title":"L1 · Content — English","managerId":"NW0001240"},{"id":"NW0004998","name":"Pinisetti Srinivas","initials":"PS","role":"L1","level":"L1","dept":"d-aptenglish","sub":"Content — Aptitude","title":"L1 · Content — Aptitude","managerId":"NW0002849"},{"id":"NW0005042","name":"Thadigiri Prem Deep","initials":"TD","role":"L1","level":"L1","dept":"d-aptenglish","sub":"Content — English","title":"L1 · Content — English","managerId":"NW0001240"},{"id":"NW0005117","name":"Viswanadh Pinisetti","initials":"VP","role":"L1","level":"L1","dept":"d-aptenglish","sub":"Assessment Intelligence","title":"L1 · Assessment Intelligence","managerId":"NW0001240"},{"id":"NW0005886","name":"Namitha Mohasin","initials":"NM","role":"L1","level":"L1","dept":"d-aptenglish","sub":"Assessment Intelligence","title":"L1 · Assessment Intelligence","managerId":"NW0001240"},{"id":"NW0006195","name":"Pratik Bhattacharjee","initials":"PB","role":"L1","level":"L1","dept":"d-aptenglish","sub":null,"title":"L1 · Content — Aptitude & English","managerId":"NW0001240"},{"id":"NW0001429","name":"Sreenu Gampala","initials":"SG","role":"L1","level":"L1","dept":"d-dsml","sub":null,"title":"L1 · Content — DS&ML","managerId":"NW0005433"},{"id":"NW0003727","name":"Alka Kumari","initials":"AK","role":"L1","level":"L1","dept":"d-dsml","sub":null,"title":"L1 · Content — DS&ML","managerId":"NW0005433"},{"id":"NW0004593","name":"Srutthi Sri G","initials":"SG","role":"L1","level":"L1","dept":"d-dsml","sub":null,"title":"L1 · Content — DS&ML","managerId":"NW0005433"},{"id":"NW0005113","name":"Kompella Sai Manvish","initials":"KM","role":"L1","level":"L1","dept":"d-dsml","sub":null,"title":"L1 · Content — DS&ML","managerId":"NW0005433"},{"id":"NW0005433","name":"Rushikesh Chandrakant Konapure","initials":"RK","role":"L2","level":"L2","dept":"d-dsml","sub":null,"title":"L2 · Content — DS&ML","managerId":"NW0002526"},{"id":"NW0005962","name":"Kavya Bhemana","initials":"KB","role":"L1","level":"L1","dept":"d-dsml","sub":null,"title":"L1 · Content — DS&ML","managerId":"NW0005433"},{"id":"NW0006145","name":"Aditya Singh","initials":"AS","role":"L1","level":"L1","dept":"d-dsml","sub":null,"title":"L1 · Content — DS&ML","managerId":"NW0005433"},{"id":"NW0006190","name":"Nangunoori Chandu","initials":"NC","role":"L1","level":"L1","dept":"d-dsml","sub":null,"title":"L1 · Content — DS&ML","managerId":"NW0005433"},{"id":"NW0006237","name":"Tejeswara Rao N","initials":"TN","role":"L1","level":"L1","dept":"d-dsml","sub":null,"title":"L1 · Content — DS&ML","managerId":"NW0005433"},{"id":"NW1005903","name":"Lavanya Sri Rentala","initials":"LR","role":"L1","level":"L1","dept":"d-dsml","sub":null,"title":"L1 · Content — DS&ML","managerId":"NW0005433"},{"id":"NW1006863","name":"Manoj kumar Damsalapudi","initials":"MD","role":"L1","level":"L1","dept":"d-dsml","sub":null,"title":"L1 · Content — DS&ML","managerId":"NW0005433"},{"id":"NW0000374","name":"Dilip Kumar Bhogi","initials":"DB","role":"L1","level":"L1","dept":"d-dsalgo","sub":null,"title":"L1 · Content — DS&Algo","managerId":"NW0002023"},{"id":"NW0005991","name":"Anshul Jitendra Barahate","initials":"AB","role":"L1","level":"L1","dept":"d-dsalgo","sub":null,"title":"L1 · Content — DS&Algo","managerId":"NW0002023"},{"id":"NW0005864","name":"Jashwanth Dandu","initials":"JD","role":"L1","level":"L1","dept":"d-dsalgo","sub":null,"title":"L1 · Content — DS&Algo","managerId":"NW0002023"},{"id":"NW0003492","name":"Rishap Kumar","initials":"RK","role":"L1","level":"L1","dept":"d-dsalgo","sub":null,"title":"L1 · Content — DS&Algo","managerId":"NW0002023"},{"id":"NW0005863","name":"Tushar Agarwal","initials":"TA","role":"L1","level":"L1","dept":"d-dsalgo","sub":null,"title":"L1 · Content — DS&Algo","managerId":"NW0002023"},{"id":"NW0005865","name":"Praveen Seervi","initials":"PS","role":"L1","level":"L1","dept":"d-dsalgo","sub":null,"title":"L1 · Content — DS&Algo","managerId":"NW0002023"},{"id":"NW0002023","name":"Kakarla Venkata Seshasai Pavan Teja","initials":"KT","role":"L2","level":"L2","dept":"d-dsalgo","sub":null,"title":"L2 · Content — DS&Algo","managerId":"NW0002526"},{"id":"NW0005746","name":"Harsh Kumar Rai","initials":"HR","role":"L1","level":"L1","dept":"d-dsalgo","sub":null,"title":"L1 · Content — DS&Algo","managerId":"NW0002023"},{"id":"NW0005750","name":"Satyam Sharma","initials":"SS","role":"L1","level":"L1","dept":"d-dsalgo","sub":null,"title":"L1 · Content — DS&Algo","managerId":"NW0002023"},{"id":"NW0004624","name":"Narava Hari Krishna","initials":"NK","role":"L1","level":"L1","dept":"d-dsalgo","sub":null,"title":"L1 · Content — DS&Algo","managerId":"NW0002023"},{"id":"NW0005707","name":"Cherala Harini","initials":"CH","role":"L1","level":"L1","dept":"d-dsalgo","sub":null,"title":"L1 · Content — DS&Algo","managerId":"NW0002023"},{"id":"NW0005724","name":"Syam Sundar Chinta","initials":"SC","role":"L1","level":"L1","dept":"d-dsalgo","sub":null,"title":"L1 · Content — DS&Algo","managerId":"NW0002023"},{"id":"NW1006592","name":"Chittaloori Rekha","initials":"CR","role":"L1","level":"L1","dept":"d-dsalgo","sub":null,"title":"L1 · Content — DS&Algo","managerId":"NW0002023"},{"id":"NW0004625","name":"Sai Vivek Vallabhaneni","initials":"SV","role":"L1","level":"L1","dept":"d-dsalgo","sub":null,"title":"L1 · Content — DS&Algo","managerId":"NW0002023"},{"id":"NW0005594","name":"Shruti Buduta","initials":"SB","role":"L1","level":"L1","dept":"d-dsalgo","sub":null,"title":"L1 · Content — DS&Algo","managerId":"NW0002023"},{"id":"NW1006406","name":"Tarun Aryan","initials":"TA","role":"L1","level":"L1","dept":"d-dsalgo","sub":null,"title":"L1 · Content — DS&Algo","managerId":"NW0002023"},{"id":"NW0005849","name":"Kashif Moazzam","initials":"KM","role":"L1","level":"L1","dept":"d-dsalgo","sub":null,"title":"L1 · Content — DS&Algo","managerId":"NW0002023"},{"id":"NW0001284","name":"Mahesh J","initials":"MJ","role":"L1","level":"L1","dept":"d-dsalgo","sub":null,"title":"L1 · Content — DS&Algo","managerId":"NW0002023"},{"id":"NW0001771","name":"Chanakya Meesala","initials":"CM","role":"L2","level":"L2","dept":"d-fsgci","sub":"Content — Fullstack","title":"L2 · Content — Fullstack","managerId":"NW0002526"},{"id":"NW0001778","name":"Pushpa Latha Chenna","initials":"PC","role":"L2","level":"L2","dept":"d-fsgci","sub":"Content — GenAI","title":"L2 · Content — GenAI","managerId":"NW0002526"},{"id":"NW0002526","name":"Pavan Gangireddy","initials":"PG","role":"L3","level":"L3","dept":"d-fsgci","sub":"Central Ops","title":"L3 · Content","managerId":null,"crossDept":true},{"id":"NW0003056","name":"Khushi Jain","initials":"KJ","role":"L1","level":"L1","dept":"d-fsgci","sub":"Content — Fullstack","title":"L1 · Content — Fullstack","managerId":"NW0001771"},{"id":"NW0003057","name":"Vipparthi Angel","initials":"VA","role":"L1","level":"L1","dept":"d-fsgci","sub":"Content — Fullstack","title":"L1 · Content — Fullstack","managerId":"NW0001771"},{"id":"NW0003123","name":"Banuri Pranathi","initials":"BP","role":"L1","level":"L1","dept":"d-fsgci","sub":"Content — GenAI","title":"L1 · Content — GenAI","managerId":"NW0001778"},{"id":"NW0003857","name":"Jeevan Sravanth Parisa","initials":"JP","role":"L1","level":"L1","dept":"d-fsgci","sub":"Content — Fullstack","title":"L1 · Content — Fullstack","managerId":"NW0001771"},{"id":"NW0004570","name":"Priya Mallikarjun Khairate","initials":"PK","role":"L1","level":"L1","dept":"d-fsgci","sub":"Content — Fullstack","title":"L1 · Content — Fullstack","managerId":"NW0001771"},{"id":"NW0005015","name":"Kiran Kumar Budupula","initials":"KB","role":"L1","level":"L1","dept":"d-fsgci","sub":"Content — GenAI","title":"L1 · Content — GenAI","managerId":"NW0001778"},{"id":"NW0005116","name":"Aryaa Sharma","initials":"AS","role":"ADMIN","level":"Admin","dept":"d-fsgci","sub":"Central Ops","title":"Admin","managerId":"NW0002526","crossDept":true},{"id":"NW0002531","name":"Soumya Esampally","initials":"SE","role":"L1","level":"L1","dept":"d-fsgci","sub":"Content — Fullstack","title":"L1 · Content — Fullstack","managerId":"NW0001771"},{"id":"NW0005795","name":"Jani Basha Nurubasha","initials":"JN","role":"L1","level":"L1","dept":"d-fsgci","sub":"Content — Fullstack","title":"L1 · Content — Fullstack","managerId":"NW0001771"},{"id":"NW0005927","name":"Mandala Uma Devi","initials":"MD","role":"L1","level":"L1","dept":"d-fsgci","sub":"Content — GenAI","title":"L1 · Content — GenAI","managerId":"NW0001778"},{"id":"NW0006025","name":"Yerramilli Phani Yeshwanth","initials":"YY","role":"L1","level":"L1","dept":"d-fsgci","sub":"Content — Fullstack","title":"L1 · Content — Fullstack","managerId":"NW0001771"},{"id":"NW0006123","name":"Prashant Kumar Jha","initials":"PJ","role":"L1","level":"L1","dept":"d-fsgci","sub":"Content — Fullstack","title":"L1 · Content — Fullstack","managerId":"NW0001771"},{"id":"NW0006717","name":"Yedam Venkat Ganesh Reddy","initials":"YR","role":"L1","level":"L1","dept":"d-fsgci","sub":"Central Ops","title":"L1 · Central Ops","managerId":"NW-VIJAY-CO"},{"id":"NW1006662","name":"Chittharu Nagapravallika","initials":"CN","role":"L1","level":"L1","dept":"d-fsgci","sub":"Content — Fullstack","title":"L1 · Content — Fullstack","managerId":"NW0001771"},{"id":"NW1006940","name":"Rishu Raj Singh","initials":"RS","role":"L1","level":"L1","dept":"d-fsgci","sub":"Content — Fullstack","title":"L1 · Content — Fullstack","managerId":"NW0001771"},{"id":"NW1006983","name":"Dasari Pallavi","initials":"DP","role":"L1","level":"L1","dept":"d-fsgci","sub":"Content — Fullstack","title":"L1 · Content — Fullstack","managerId":"NW0001771"},{"id":"NW-VIJAY-CO","name":"Vijay","initials":"VJ","role":"L2","level":"L2","dept":"d-fsgci","sub":"Central Ops","title":"L2 · Central Ops","managerId":"NW0002526"}]$relay$::jsonb), ('roles', $relay${"L0":{"label":"L0","scope":"Self"},"L1":{"label":"L1","scope":"Sub Department"},"L2":{"label":"L2","scope":"Sub Department"},"L3":{"label":"L3","scope":"Department"},"ADMIN":{"label":"Admin","scope":"All · config"},"PRODUCT_OWNER":{"label":"L3","scope":"Department"},"DEPARTMENT_LEAD":{"label":"L2","scope":"Sub Department"},"SUB_LEAD":{"label":"L2","scope":"Sub Department"},"CENTRAL_OPS":{"label":"L2","scope":"Cross-department"},"TEAM_MEMBER":{"label":"L0","scope":"Self"}}$relay$::jsonb) on conflict (key) do update set data = excluded.data;

set session_replication_role = origin;
